date,close,open,high,low,change_pct,return_close,log_return_close,ma5,ma20
,6765.88,6697.03,6776.4,6659.98,0.0091,,,6765.88,6765.88
,6705.12,6636.54,6715.75,6630.7,0.0155,-0.008980354366320498,-0.009020920798512268,6735.5,6735.5
,6602.99,6555.77,6660.05,6521.92,0.0098,-0.015231643878111045,-0.015348836917048712,6691.329999999999,6691.329999999999
,6538.76,6737.93,6770.35,6534.05,-0.015600000000000001,-0.00972741136969757,-0.009775031702356623,6653.1875,6653.1875
,6642.16,6625.84,6689.75,6603.5,0.0038,0.01581339581204988,0.015689666748388516,6650.982000000001,6650.982000000001
,6617.32,6641.19,6666.63,6574.32,-0.0083,-0.0037397473111157042,-0.003746757649478374,6621.2699999999995,6645.371666666666
,6672.41,6713.61,6754.5,6638.9,-0.0092,0.008325122557168108,0.008290659863030386,6614.728,6649.234285714286
,6734.11,6672.14,6774.31,6646.87,-0.0005,0.009247033680484185,0.009204541614054065,6640.952,6659.84375
,6737.49,6826.47,6828.05,6724.72,-0.0166,0.0005019223030215958,0.0005017963821556926,6680.697999999999,6668.471111111111
,6850.92,6867.77,6869.91,6829.62,0.0006,0.016835646509308466,0.016695497821198862,6722.45,6686.716
,6846.61,6815.64,6855.13,6806.87,0.0021,-0.0006291125863387981,-0.0006293105606984051,6768.308,6701.251818181819
,6832.43,6785.36,6841.32,6770.56,0.0154,-0.0020710979594280587,-0.0020732456487024473,6800.312,6712.183333333333
,6728.8,6696.18,6730.11,6631.44,0.0013,-0.015167370906105204,-0.015283571949665876,6799.25,6713.461538461538
,6720.32,6787.59,6796.68,6707.51,-0.011200000000000002,-0.00126025442872435,-0.0012610492171641864,6795.816000000001,6713.951428571428
,6796.29,6769.77,6829.78,6763.11,0.0037,0.011304521213275631,0.011241102610422745,6784.889999999999,6719.440666666666
,6771.55,6788.52,6820.21,6766.71,-0.011699999999999999,-0.0036402213560633445,-0.0036468630849651866,6769.878,6722.6975
,6851.97,6882.32,6882.32,6820.62,0.0017000000000000001,0.011876158338932852,0.011806190194192273,6773.786,6730.301764705882
,6840.2,6879.17,6879.17,6814.26,0.0026,-0.0017177541641310023,-0.0017192311955087436,6796.066000000001,6736.407222222222
,6822.34,6860.5,6880.75,6820.69,-0.009899999999999999,-0.002611034765065301,-0.0026144494615601183,6816.469999999999,6740.93
,6890.59,6910.95,6920.34,6851.91,0.0,0.010003898955490254,0.00995419119768749,6835.33,6748.4130000000005
,6890.89,6897.74,6911.3,6870.73,0.0023,4.353763610964734e-05,4.3536688374276334e-05,6859.197999999999,6754.6635
,6875.16,6845.46,6877.28,6843.94,0.0123,-0.002282724002269698,-0.00228533338846695,6863.836,6763.1655
,6791.69,6772.07,6807.11,6772.07,0.0079,-0.012140808359369148,-0.012215109973364861,6854.134,6772.600499999999
,6738.44,6703.65,6749.53,6700.14,0.0058,-0.007840463860983027,-0.007871361907068443,6837.354000000001,6782.5845
,6699.4,6741.34,6741.75,6655.69,-0.0053,-0.005793625824374815,-0.0058104739805955015,6799.116,6785.4465
,6735.35,6736.75,6752.16,6722.03,0.0,0.005366152192733731,0.005351805698817049,6768.008,6791.348
,6735.13,6690.05,6744.35,6690.05,0.010700000000000001,-3.2663484451522784e-05,-3.2664017914747584e-05,6740.001999999999,6794.4839999999995
,6664.01,6613.27,6678.88,6603.76,0.0053,-0.010559558612825537,-0.010615706365319779,6714.466,6790.978999999999
,6629.07,6689.02,6709.34,6593.99,-0.0063,-0.005243089371114507,-0.0052568825980634105,6692.592,6785.558
,6671.06,6688.27,6724.12,6612.11,0.004,0.006334221844089827,0.006314244975138848,6686.923999999999,6776.565
,6644.31,6602.49,6680.7,6555.07,-0.0016,-0.004009857503904923,-0.004017918538789379,6668.716,6766.45
,6654.72,6622.53,6668.68,6620.71,0.015600000000000001,0.0015667541099075866,0.001565528031162674,6652.634,6757.5645
,6552.51,6740.49,6762.4,6550.78,-0.0271,-0.015359023369878821,-0.015478194983781751,6630.334,6748.75
,6735.11,6760.5,6764.58,6716.17,-0.0028000000000000004,0.027867183720436728,0.027485959970571898,6651.5419999999995,6749.489500000001
,6753.72,6723.87,6755.64,6718.09,0.0058,0.002763132302219251,0.002759321869698397,6668.0740000000005,6747.361
,6714.59,6746.14,6754.49,6699.96,-0.0038,-0.005793843985240743,-0.005810693412793414,6682.13,6744.513000000001
,6740.28,6733.86,6749.52,6717.78,0.0036,0.003825996821846145,0.0038186963112344006,6699.242,6738.9285
,6715.79,6722.14,6750.87,6705.67,0.0001,-0.0036333802156586215,-0.0036399969738822547,6731.897999999999,6732.7080000000005
,6715.35,6731.31,6731.94,6693.23,0.0006,-6.55172362447054e-05,-6.551938259257701e-05,6727.945999999999,6727.3585
,6711.2,6664.92,6718.48,6656.2,0.0034000000000000002,-0.0006179871488456445,-0.0006181781816116312,6719.442,6718.389
,6688.46,6656.19,6691.25,6641.0,0.0040999999999999995,-0.0033883657170102888,-0.003394119228470151,6714.216,6708.2675
,6661.21,6661.58,6677.31,6644.49,0.0026,-0.00407418150067429,-0.004082503589616102,6698.402,6697.57
,6643.7,6615.38,6648.97,6604.43,0.0059,-0.0026286515512947695,-0.002632112522238716,6683.9839999999995,6690.1705
,6604.72,6608.19,6619.0,6569.22,-0.005,-0.005867212547225109,-0.00588449226108204,6661.858,6683.4845000000005
,6637.97,6669.79,6672.66,6621.76,-0.0028000000000000004,0.005034278515970492,0.005021648905465325,6647.2119999999995,6680.4130000000005
,6656.92,6692.44,6699.52,6645.58,-0.0055000000000000005,0.0028547884368261833,0.002850721267084081,6640.904,6676.491499999999
,6693.75,6654.28,6698.88,6648.07,0.0044,0.005532588644598491,0.005517340092831845,6647.411999999999,6674.422500000001
,6664.36,6647.11,6671.82,6630.31,0.0049,-0.004390662931839429,-0.0044003301998514,6651.544,6674.44
,6631.96,6626.85,6656.8,6611.89,0.0048,-0.004861682142021095,-0.004873538562353379,6656.992,6674.5845
,6600.35,6604.87,6624.39,6551.15,-0.001,-0.004766313427704616,-0.004777708522363682,6649.467999999999,6671.049000000001
,6606.76,6624.13,6626.99,6600.11,-0.0013,0.0009711606202700285,0.0009706893488903032,6639.436,6669.1714999999995
,6615.28,6603.49,6619.62,6602.07,0.004699999999999999,0.0012895882399239778,0.0012887574351970001,6623.742,6667.1995
,6584.29,6590.66,6600.21,6579.49,-0.0005,-0.004684608965909165,-0.004695616136136677,6607.728,6668.7885
,6587.47,6554.41,6592.89,6545.8,0.0085,0.0004829677915159092,0.00048285120011050685,6598.83,6661.4065
,6532.04,6550.29,6555.97,6516.34,0.003,-0.008414459572491428,-0.008450060989231548,6585.168000000001,6650.3225
,6512.61,6503.33,6518.23,6483.08,0.0027,-0.0029745684349758994,-0.0029790012563325227,6566.338000000001,6640.2235
,6495.15,6498.09,6508.67,6483.29,0.0021,-0.002680952797726288,-0.0026845529877440764,6542.312,6627.967
,6481.5,6529.08,6532.65,6443.98,-0.0032,-0.002101568093115569,-0.0021037794861458016,6521.754,6616.2525
,6502.08,6456.6,6502.54,6445.98,0.0083,0.003175190928025984,0.003170160654551038,6504.6759999999995,6605.589
,6448.26,6445.82,6453.67,6416.17,0.0051,-0.008277351247600762,-0.00831179874047254,6487.92,6592.442
,6415.54,6401.51,6416.54,6360.58,-0.0069,-0.005074237081011068,-0.005087154738688022,6468.505999999999,6578.796
,6460.26,6489.28,6491.76,6444.57,-0.0064,0.006970574573613497,0.006946392429262076,6461.528,6568.7485
,6501.86,6483.84,6508.23,6466.96,0.0032,0.006439369313309351,0.006418725150929222,6465.6,6561.6565
,6481.4,6462.26,6487.06,6457.84,0.0024,-0.003146791841103891,-0.003151753401949718,6461.464,6555.4905
,6465.94,6435.49,6468.37,6429.21,0.0040999999999999995,-0.002385287129323954,-0.002388136458549287,6465.0,6546.889
,6439.32,6457.67,6466.89,6438.06,-0.0043,-0.004116957472540705,-0.004125455473915824,6469.755999999999,6536.009
,6466.91,6384.59,6478.89,6384.59,0.0152,0.004284613903331458,0.004275461080076781,6471.086,6524.6669999999995
,6370.17,6380.83,6393.65,6352.71,-0.004,-0.014959230915537636,-0.015072248733123503,6444.748,6509.9574999999995
,6395.78,6406.62,6408.4,6343.86,-0.0024,0.004020300871091287,0.0040122410562429675,6427.624,6498.1485
,6411.37,6446.24,6456.48,6400.22,-0.0059,0.0024375447560736063,0.0024345787627046227,6416.710000000001,6488.6995
,6449.15,6445.02,6455.35,6437.7,-0.0001,0.005892656327742607,0.005875362532781079,6418.676,6480.819
,6449.8,6477.38,6481.34,6441.85,-0.0029,0.00010078847600070162,0.00010078339718350898,6415.254,6472.545
,6468.54,6453.46,6473.92,6441.07,0.0003,0.0029055164501223807,0.0029013035955740975,6434.928,6466.7575
,6466.58,6462.67,6480.28,6445.02,0.0032,-0.0003030050057664102,-0.00030305092105844644,6449.088000000001,6460.713
,6445.76,6395.17,6446.55,6385.76,0.0113,-0.0032196307785568035,-0.003224824941586439,6455.965999999999,6456.398999999999
,6373.45,6389.67,6407.25,6364.06,-0.0025,-0.011218227175693873,-0.011281626080988707,6440.826,6449.441
,6389.45,6355.22,6395.16,6355.22,0.0078000000000000005,0.0025104142968093157,0.002507268470623244,6428.755999999999,6444.156000000001
,6340.0,6374.32,6389.71,6310.32,-0.0008,-0.007739320285783613,-0.0077694242484223795,6403.048,6437.081
,6345.06,6309.3,6352.83,6301.11,0.0073,0.0007981072555205415,0.0007977889372816886,6378.744,6429.2300000000005
,6299.19,6336.63,6346.0,6289.37,-0.0049,-0.007229246059138994,-0.007255503683515352,6349.43,6421.7765
,6329.94,6271.71,6330.69,6271.71,0.0147,0.004881580012668252,0.00486970373527516,6340.728,6417.496499999999
,6238.01,6287.28,6287.28,6212.69,-0.016,-0.014523044452237954,-0.014629536175939815,6310.4400000000005,6406.384
,6339.39,6427.02,6427.02,6327.64,-0.0037,0.01625197779420051,0.016121328046944505,6310.317999999999,6398.2605
,6362.9,6381.23,6396.54,6336.38,-0.0012,0.0037085587099072725,0.003701698960678981,6313.886,6392.335499999999
,6370.86,6405.62,6409.26,6363.92,-0.003,0.0012510019016487295,0.0012502200507664596,6328.219999999999,6387.581499999999
,6389.77,6397.69,6401.07,6375.79,0.0002,0.002968202095164685,0.0029638056808082287,6340.186,6385.104
,6388.64,6370.01,6395.82,6368.53,0.004,-0.00017684517596094906,-0.0001768608149128887,6370.312,6381.1905
,6363.35,6368.6,6381.31,6360.57,0.0007000000000000001,-0.003958588995466972,-0.003966444948063191,6375.103999999999,6380.8495
,6358.91,6326.9,6360.64,6317.49,0.0078000000000000005,-0.0006977456842701679,-0.0006979892220816874,6374.306,6379.005999999999
,6309.62,6306.6,6316.12,6281.71,0.0006,-0.007751328450945172,-0.00778152614671181,6362.058,6373.918500000001
,6305.6,6304.74,6336.08,6303.79,0.0014000000000000002,-0.000637122362360909,-0.0006373254110623787,6345.224,6366.741
,6296.79,6312.95,6315.61,6285.27,-0.0001,-0.0013971707688404944,-0.0013981477220054441,6326.854,6359.0905
,6297.36,6263.4,6304.69,6262.27,0.0054,9.052231375039632e-05,9.051821685299151e-05,6313.656,6350.5315
,6263.7,6254.5,6268.12,6201.59,0.0032,-0.005345096993025655,-0.005359433132147268,6294.614,6340.3875
,6243.76,6295.29,6302.04,6241.68,-0.004,-0.0031834219391093654,-0.003188499806256773,6281.442,6330.2875
,6268.56,6255.15,6273.31,6239.22,0.0014000000000000002,0.003971965610465533,0.0039640981809521345,6274.034000000001,6325.043
,6259.75,6255.68,6269.44,6237.6,-0.0033,-0.0014054264456271337,-0.0014064149836944208,6266.626,6318.557999999999
,6280.46,6266.8,6290.22,6251.44,0.0027,0.0033084388354167604,0.0033029779929136397,6263.246,6315.581
,6263.26,6243.33,6269.16,6231.43,0.0060999999999999995,-0.0027386529012205507,-0.0027424098720042647,6263.158,6311.491
,6225.52,6234.03,6242.7,6217.75,-0.0007000000000000001,-0.006025616052981908,-0.0060438433346767925,6259.51,6307.8075
,6229.98,6259.04,6262.07,6201.0,-0.0079,0.0007164060190953947,0.000716149522799646,6251.794,6302.8095
,6279.35,6246.46,6284.65,6246.46,0.0083,0.007924584027557247,0.007893349417234205,6255.714,6304.8765
,6227.42,6193.88,6227.6,6188.29,0.004699999999999999,-0.008269964247891948,-0.008304350113372374,6245.106,6299.278
,6198.01,6187.25,6210.78,6177.97,-0.0011,-0.00472266203339422,-0.0047338490372573335,6232.056,6291.0335000000005
,6204.95,6193.36,6215.08,6174.97,0.0052,0.0011197142308578822,0.0011190878184368185,6227.942000000001,6282.738
,6173.07,6150.7,6187.68,6132.35,0.0052,-0.005137833503896072,-0.005151077553744352,6216.56,6271.903
,6141.02,6112.09,6146.52,6107.27,0.008,-0.005191906134224822,-0.0052054309121065834,6188.894,6259.522
,6092.16,6104.23,6108.51,6080.09,0.0,-0.007956332987028358,-0.007988153499777271,6161.842000000001,6245.9625
,6092.18,6061.21,6101.76,6059.25,0.0111,3.2829078684404323e-06,3.28290247971019e-06,6140.676,6232.626
,6025.17,5969.67,6028.77,5943.23,0.0096,-0.010999346703478907,-0.011060286796932196,6104.719999999999,6218.403499999999
,5967.84,5999.67,6018.2,5952.56,-0.0022,-0.009515084221690007,-0.009560641855696193,6063.674,6201.5155
,5980.87,5987.93,6018.25,5971.89,-0.0003,0.002183369527333223,0.0021809894398641407,6031.644,6185.7195
,5982.72,6012.15,6023.25,5974.8,-0.0084,0.0003093195471561838,0.0003092717177278546,6009.755999999999,6169.9875
,6033.11,6004.0,6050.83,6004.0,0.009399999999999999,0.008422590393666995,0.008387318295762322,5997.942,6158.4580000000005
,5976.97,6000.56,6026.16,5963.21,-0.0113,-0.009305316826644816,-0.009348881754855199,5988.302000000001,6145.1185000000005
,6045.26,6009.9,6045.43,6003.88,0.0038,0.011425521627179025,0.011360743305409218,6003.786,6133.9535000000005
,6022.24,6049.38,6059.4,6002.32,-0.0027,-0.0038079420901665495,-0.0038152107599640976,6012.0599999999995,6122.078
,6038.81,6009.91,6043.01,6000.28,0.0055000000000000005,0.0027514678923457048,0.0027476895336659927,6023.278,6109.9955
,6005.88,6004.63,6021.31,5994.18,0.0009,-0.005453061116345803,-0.005467983326654977,6017.832,6097.1265
,6000.36,5987.06,6016.87,5978.63,0.0103,-0.000919099282703062,-0.0009195219134283695,6022.51,6085.8685
,5939.3,5985.67,5999.7,5921.2,-0.0053,-0.010176056103300413,-0.01022818611569997,6001.318,6071.3345
,5970.81,5978.94,5990.48,5966.11,0.0001,0.005305339013015109,0.005291315280563098,5991.032,6055.907499999999
,5970.37,5938.56,5981.35,5929.0,0.0058,-7.369184415528807e-05,-7.369455953263717e-05,5977.343999999999,6043.055
,5935.94,5896.68,5937.4,5861.43,0.0040999999999999995,-0.005766811772134783,-0.0057835040361741115,5963.356,6029.9515
,5911.69,5903.67,5922.14,5843.66,-0.0001,-0.004085283880901791,-0.004093651450134708,5945.622,6015.2885
,5912.17,5939.96,5943.13,5873.8,0.004,8.119505589787579e-05,8.119175975774365e-05,5940.196,6002.2435000000005
,5888.55,5925.54,5939.92,5881.88,-0.005600000000000001,-0.003995148989288211,-0.00400315091671711,5923.744000000001,5989.62
,5921.54,5854.07,5924.33,5854.07,0.020499999999999997,0.0056023978738399816,0.005586762811582691,5913.978,5981.089
,5802.82,5781.89,5829.51,5767.41,-0.0067,-0.020048838646703482,-0.020252543913121014,5887.353999999999,5966.621
,5842.01,5841.26,5878.08,5825.82,-0.0004,0.00675361289855636,0.006730909417987326,5873.418,5957.463000000001
,5844.61,5910.18,5938.37,5830.91,-0.0161,0.00044505230220415193,0.00044495329580256543,5859.906,5951.3015
,5940.46,5944.66,5953.06,5909.26,-0.0039000000000000003,0.01639972555910485,0.016266702451148432,5870.288,5949.281
,5963.6,5902.88,5968.61,5895.69,0.0009,0.003895321237749272,0.0038877541185178117,5878.7,5948.325
,5958.38,5929.09,5958.62,5907.36,0.006999999999999999,-0.0008753102153061798,-0.0008756935229844302,5909.812,5944.5885
,5916.93,5869.82,5924.21,5865.16,0.0040999999999999995,-0.006956588871471769,-0.006980898743962942,5924.796,5941.586499999999
,5892.58,5896.74,5906.55,5872.11,0.001,-0.004115309797479538,-0.004123800988772711,5934.390000000001,5933.9525
,5886.55,5854.15,5906.64,5845.02,0.0072,-0.0010233208543625194,-0.0010238448046246578,5923.608,5927.168
,5844.19,5807.2,5845.37,5786.08,0.0326,-0.007196065607189328,-0.007222082173714982,5899.726000000001,5917.437
,5659.91,5679.65,5691.69,5644.15,-0.0007000000000000001,-0.03153217126753238,-0.03204001430944965,5840.032,5900.138499999999
,5663.94,5663.6,5720.1,5635.38,0.0058,0.0007120254562351658,0.0007117720863733963,5789.433999999999,5883.3175
,5631.28,5614.18,5654.73,5578.64,0.0043,-0.005766304021582069,-0.005782993340666184,5737.173999999999,5867.9165
,5606.91,5605.87,5649.58,5586.04,-0.0077,-0.004327612905058897,-0.004337004125959871,5681.245999999999,5849.7215
,5650.38,5655.32,5683.38,5634.48,-0.0064,0.00775293343392347,0.007723033885546498,5642.4839999999995,5833.722
,5686.67,5645.88,5700.7,5642.28,0.0147,0.006422576888634124,0.006402040027831434,5647.836,5821.2585
,5604.14,5625.14,5658.91,5597.35,0.0063,-0.014512887155400223,-0.014619229243407953,5635.876,5805.881
,5569.06,5499.44,5581.84,5433.24,0.0015,-0.006259658038521465,-0.0062793318417251566,5623.432,5788.7255
,5560.83,5508.87,5571.95,5505.7,0.0058,-0.001477807744933668,-0.0014789007797954715,5614.215999999999,5772.3395
,5528.75,5529.22,5553.66,5468.64,0.0006,-0.005768922984518476,-0.005785627496394741,5589.89,5752.7
,5525.21,5489.73,5528.11,5455.86,0.0074,-0.0006402893963373124,-0.0006404944691348076,5557.598,5738.8195
,5484.77,5381.38,5489.4,5371.96,0.0203,-0.007319178818542604,-0.007346095426564612,5533.724,5720.9574999999995
,5375.86,5395.92,5469.69,5356.17,0.0167,-0.01985680347580676,-0.020056599089608444,5495.084,5697.5199999999995
,5287.76,5207.67,5309.61,5207.67,0.025099999999999997,-0.016388075582325357,-0.016523845474794605,5440.47,5664.885
,5158.2,5232.94,5232.94,5101.63,-0.0236,-0.02450186846604241,-0.02480703431398072,5366.360000000001,5624.615
,5282.7,5305.45,5328.31,5255.58,0.0013,0.024136326625566973,0.02384964922638856,5317.858,5590.831
,5275.7,5335.75,5367.24,5220.79,-0.022400000000000003,-0.0013250799780415434,-0.001325958672828667,5276.044,5558.7695
,5396.63,5411.99,5450.41,5386.44,-0.0017000000000000001,0.022922076691244797,0.022663312700996367,5280.198,5533.972
,5405.97,5441.96,5459.46,5358.02,0.0079,0.0017307097206959998,0.0017292137684180669,5303.839999999999,5509.943
,5363.36,5255.56,5381.46,5220.77,0.0181,-0.007882026722308977,-0.007913254093151072,5344.872,5485.901500000001
,5268.05,5353.15,5353.15,5115.27,-0.0346,-0.01777057665344106,-0.017930369252113564,5341.942,5466.3085
,5456.9,4965.28,5481.34,4948.43,0.09519999999999999,0.03584817911751026,0.035220587845118036,5378.182,5455.9565
,4982.77,5193.57,5267.47,4910.42,-0.015700000000000002,-0.08688632740200464,-0.09089490164871476,5295.41,5423.531
,5062.25,4953.79,5246.57,4835.04,-0.0023,0.015950967032393626,0.015825087196812356,5226.666,5396.298
,5074.08,5292.14,5292.14,5069.9,-0.059699999999999996,0.002336905526198807,0.0023341792090838484,5168.81,5367.482999999999
,5396.52,5492.74,5499.53,5390.83,-0.0484,0.063546495128181,0.061609073675880255,5194.503999999999,5352.9755
,5670.97,5580.76,5695.31,5571.48,0.0067,0.05085684848754379,0.049605877563395115,5237.318,5356.317
,5633.07,5597.53,5650.57,5558.52,0.0038,-0.006683160023770229,-0.006705592339420785,5367.378,5359.5175
,5611.85,5527.91,5627.56,5488.73,0.0055000000000000005,-0.0037670399977275393,-0.003774153162235659,5477.298000000001,5362.068499999999
,5580.94,5679.2,5685.89,5572.42,-0.0197,-0.005507987562034078,-0.005523212456950029,5578.67,5364.678
,5693.31,5695.64,5732.28,5670.94,-0.0033,0.020134600981196904,0.019934580336265863,5638.028,5373.0830000000005
,5712.2,5771.66,5783.62,5694.41,-0.011200000000000002,0.0033179292889373713,0.0033124371066494494,5646.274,5384.4545
,5776.65,5775.96,5786.95,5760.42,0.0016,0.01128286824691016,0.011219691455108385,5674.99,5404.494000000001
,5767.57,5718.08,5775.14,5718.08,0.0176,-0.0015718452736447341,-0.0015730819184729783,5706.134,5428.4845000000005
,5667.56,5630.73,5670.84,5603.1,0.0008,-0.01734005829144669,-0.017492157944606554,5723.4580000000005,5453.952499999999
,5662.89,5646.92,5711.15,5632.33,-0.0022,-0.0008239877478138924,-0.0008243274123172432,5717.374,5472.9619999999995
,5675.29,5632.37,5715.33,5622.2,0.0108,0.0021896946612065538,0.0021873007738032768,5709.992,5492.9415
,5614.66,5654.53,5654.53,5597.76,-0.010700000000000001,-0.010683154517214133,-0.010740629118978804,5677.594,5503.843
,5675.12,5635.6,5703.52,5631.12,0.0064,0.010768238860411783,0.010710674253909914,5659.104,5517.300499999999
,5638.94,5563.85,5645.27,5563.85,0.0213,-0.0063751955905778646,-0.006395603934347436,5653.379999999999,5531.0795
,5521.52,5594.45,5597.78,5504.65,-0.0139,-0.020823062490467947,-0.021042919881408426,5625.106,5543.753000000001
,5599.3,5624.84,5642.19,5546.09,0.0049,0.014086700763557891,0.013988405225352982,5609.908,5550.873
,5572.07,5603.65,5636.3,5528.41,-0.0076,-0.004863107888486096,-0.004874971275234351,5601.389999999999,5580.338000000001
,5614.56,5705.37,5705.37,5564.02,-0.027000000000000003,0.007625532342558694,0.007596604935651579,5589.278,5607.9535000000005
,5770.2,5726.01,5783.01,5666.29,0.0055000000000000005,0.02772078310677939,0.0273435183759844,5615.530000000001,5642.7595
,5738.52,5785.87,5812.08,5711.64,-0.0178,-0.005490277633357521,-0.005505404600509155,5658.93,5659.8595000000005
,5842.63,5781.36,5860.59,5742.35,0.011200000000000002,0.0181423084697796,0.017979700568310122,5707.596,5668.4425
,5778.15,5811.98,5865.08,5732.59,-0.012199999999999999,-0.011036125854281487,-0.011097475685101367,5748.812,5675.6965
,5849.72,5968.33,5986.09,5810.91,-0.0176,0.012386317419935455,0.012310234603366338,5795.844,5687.59
,5954.5,5856.74,5959.4,5837.66,0.0159,0.017911968436095993,0.01775343937549328,5832.704,5706.268
,5861.57,5981.88,5993.69,5858.78,-0.0159,-0.015606684020488704,-0.01572975043189703,5857.314,5714.681
,5956.06,5970.87,6009.82,5932.69,0.0001,0.016120254471071904,0.0159917028520891,5880.0,5726.874000000001
,5955.25,5982.73,5992.65,5908.49,-0.004699999999999999,-0.00013599594362723177,-0.00013600519191406913,5915.42,5735.804
,5983.25,6026.69,6043.65,5977.83,-0.005,0.0047017337643255885,0.0046907151383955535,5942.126,5746.588000000001
,6013.13,6114.1,6114.82,6008.56,-0.0171,0.004993941419797032,0.004981513054855065,5953.852000000001,5763.8665
,6117.52,6134.5,6134.5,6084.59,-0.0043,0.017360343115814914,0.017211373991262026,6005.0419999999995,5786.598
,6144.15,6117.76,6147.43,6111.15,0.0024,0.004353071179170609,0.004343623971148741,6042.66,5810.041
,6129.58,6121.6,6129.63,6099.51,0.0024,-0.002371361376268477,-0.0023741775065795707,6077.526,5835.786999999999
,6114.63,6115.52,6127.47,6107.62,-0.0001,-0.0024389925574019866,-0.002441971744879426,6103.802,5857.7625
,6115.07,6060.59,6116.91,6050.95,0.0104,7.195856494979225e-05,7.195597605645205e-05,6124.19,5881.569
,6051.97,6025.08,6063.0,6003.0,-0.0027,-0.010318769858725929,-0.01037237745962221,6111.08,5908.0914999999995
,6068.5,6049.32,6076.28,6042.34,0.0003,0.002731342025819705,0.002727618689451181,6095.95,5931.5515
,6066.44,6046.4,6073.38,6044.84,0.0067,-0.0003394578561424222,-0.0003395154850025525,6083.321999999999,5956.2699999999995
,6025.99,6083.13,6101.28,6019.96,-0.0095,-0.006667831545354441,-0.006690160848149763,6065.594,5976.8415
,6083.57,6072.22,6084.03,6046.83,0.0036,0.009555276394418222,0.009509913482107805,6059.294,5992.51
,6061.48,6020.45,6062.86,6007.06,0.0039000000000000003,-0.0036310916123263315,-0.0036377000274988172,6061.196,6008.658
,6037.88,5998.14,6042.48,5990.87,0.0072,-0.003893438566158647,-0.0039010377290885807,6055.072,6018.420499999999
,5994.57,5969.65,6022.13,5923.93,-0.0076,-0.007173047493491125,-0.007198897488332516,6040.697999999999,6029.2415
,6040.53,6096.79,6120.91,6030.93,-0.005,0.007666938579414362,0.007637696973119025,6043.606,6038.782
,6071.17,6050.75,6086.64,6027.46,0.0053,0.005072402587190217,0.005059581291425431,6041.125999999999,6044.6155
,6039.31,6057.7,6062.83,6012.96,-0.004699999999999999,-0.005247752904300129,-0.005261570722435721,6036.692,6053.5025
,6067.7,6026.97,6074.54,5994.63,0.0092,0.004700868145533166,0.004689853570095005,6042.656000000001,6059.084499999999
,6012.28,5969.04,6017.17,5962.92,-0.0146,-0.009133609110536178,-0.009175576254675636,6046.197999999999,6061.936
,6101.24,6121.43,6128.18,6088.74,-0.0029,0.014796383401970647,0.014687984883634337,6058.339999999999,6067.835499999999
,6118.71,6076.32,6118.73,6074.67,0.0053,0.0028633523677155104,0.002859260782896551,6067.848,6073.114500000001
,6086.37,6081.39,6100.81,6076.13,0.0060999999999999995,-0.005285427810764021,-0.0052994450977238055,6077.26,6071.557
,6049.24,6014.12,6051.51,6006.88,0.0088,-0.006100516399758837,-0.006119200577442693,6073.567999999999,6066.8115
,5996.66,5995.4,6014.96,5978.44,0.01,-0.008692000978635317,-0.008729996752231177,6070.444,6060.1655
,5937.34,5963.61,5964.69,5930.72,-0.0021,-0.009892173309809071,-0.00994142593572414,6037.664,6051.301
,5949.91,5905.21,5960.61,5905.21,0.0183,0.0021171096821135382,0.0021148717634666796,6003.9039999999995,6043.043
,5842.91,5859.27,5871.92,5805.42,0.0011,-0.01798346529611372,-0.01814713298542681,5955.2119999999995,6032.589999999999
,5836.22,5782.02,5838.61,5773.31,0.0016,-0.001144977417074644,-0.0011456334044924418,5912.608,6020.976
,5827.04,5890.35,5890.35,5807.78,-0.0154,-0.0015729359071454674,-0.001574174269576308,5878.683999999999,6009.005999999999
,5918.25,5910.66,5927.89,5874.78,0.0016,0.015652887229193668,0.015531644353894302,5874.866,6003.619000000001
,5909.03,5993.26,6000.68,5890.68,-0.0111,-0.0015578929582225065,-0.0015591077352828289,5866.69,5994.892000000001
,5975.38,5982.81,6021.04,5960.01,0.0055000000000000005,0.01122857727918114,0.011166004769812088,5893.184,5990.5869999999995
,5942.47,5891.07,5949.34,5888.66,0.0126,-0.005507599516683448,-0.005522822262488866,5914.434,5985.8165
,5868.55,5903.26,5935.09,5829.53,-0.0022,-0.01243927188525984,-0.012517287272659015,5922.736,5979.5154999999995
,5881.63,5919.74,5929.74,5868.86,-0.0043,0.002228829949476374,0.002226349792552886,5915.412,5971.5705
,5906.94,5920.67,5940.79,5869.16,-0.010700000000000001,0.0043032288668276575,0.004293996454134467,5914.994000000001,5963.3589999999995
,5970.84,6006.17,6006.17,5932.95,-0.0111,0.010817783827159255,0.010759690191101175,5914.086,5959.9355000000005
,6037.59,6024.97,6049.75,6007.37,-0.0004,0.011179331551339544,0.01111730467559637,5933.11,5958.43
,6040.04,5984.63,6040.1,5981.44,0.011000000000000001,0.00040579105239002544,0.00040570874146752997,5967.408,5959.818
,5974.07,5940.25,5978.25,5902.57,0.0073,-0.010922113098588815,-0.010982197273832055,5985.896,5953.4595
,5930.85,5842.0,5982.06,5832.3,0.0109,-0.007234598858064878,-0.007260895475462523,5990.678,5944.0665
,5867.08,5912.71,5935.52,5866.07,-0.0009,-0.010752253049731597,-0.010810476252410607,5969.926,5933.102
,5872.16,6047.65,6070.67,5867.79,-0.029500000000000002,0.0008658480879755182,0.0008654734577527714,5936.84,5924.248
,6050.61,6052.55,6057.68,6035.19,-0.0039000000000000003,0.030389158333560262,0.029936554508987558,5938.954,5926.9455
,6074.08,6063.79,6085.19,6059.14,0.0038,0.0038789477424590046,0.003871444022762927,5958.956,5933.782499999999
,6051.09,6068.17,6078.58,6035.77,0.0,-0.0037849353317703782,-0.003792116324959846,5983.004,5938.8415
,6051.25,6074.29,6079.68,6051.25,-0.0054,2.6441517148034777e-05,2.644116757728234e-05,6019.838,5949.2585
,6084.19,6060.15,6092.59,6060.15,0.008199999999999999,0.0054435034083866185,0.005428741091956404,6062.244,5961.657
,6034.91,6057.59,6065.4,6029.89,-0.003,-0.00809968130515315,-0.008132661932885182,6059.104,5972.0505
,6052.85,6083.01,6088.51,6048.63,-0.0060999999999999995,0.0029727038182840726,0.0029682940713745953,6054.858,5978.7805
,6090.27,6081.38,6099.97,6079.98,0.0025,0.006182211685404448,0.006163180212196398,6062.694,5987.8425
,6075.11,6089.03,6094.55,6072.9,-0.0019,-0.0024892164058408772,-0.002492319655841969,6067.466,5992.829
,6086.49,6069.39,6089.84,6061.06,0.0060999999999999995,0.0018732171104720585,0.0018714648272306247,6067.926,6000.030000000001
,6049.88,6042.97,6052.07,6033.39,0.0005,-0.006014961003796837,-0.006033123750501982,6070.92,6009.0965
,6047.15,6040.11,6053.58,6035.33,0.0024,-0.0004512486198073873,-0.0004513504631047436,6069.78,6017.3724999999995
,6032.38,6003.98,6044.17,6003.98,0.005600000000000001,-0.002442472900457182,-0.0024454606033055726,6058.201999999999,6023.6445
,5998.74,6014.11,6020.16,5984.87,-0.0038,-0.005576571767693772,-0.005592178893918073,6042.928,6025.0395
,6021.63,6000.03,6025.42,5992.27,0.005699999999999999,0.003815801318276968,0.0038085396153749005,6029.956,6024.2415
,5987.37,5992.28,6020.75,5963.91,0.003,-0.005689489390746427,-0.005705736188806671,6017.454,6021.608
,5969.34,5944.36,5972.9,5944.36,0.0034999999999999996,-0.0030113388683177256,-0.0030158820722511965,6001.892,6021.371499999999
,5948.71,5940.58,5963.32,5887.26,0.0053,-0.0034559934599135422,-0.003461979200410203,5985.158,6022.264499999999
,5917.11,5914.34,5920.67,5860.56,0.0,-0.0053120760635499975,-0.0053262353051750045,5968.832,6024.7660000000005
,5916.98,5870.05,5923.51,5855.29,0.004,-2.1970184769237733e-05,-2.197042611728211e-05,5947.902,6027.007
,5893.62,5874.17,5908.12,5865.95,0.0039000000000000003,-0.00394795993902286,-0.0039557737052673,5929.152,6019.157499999999
,5870.62,5912.79,5915.32,5853.01,-0.0132,-0.0039025251034169317,-0.0039101598241076075,5909.407999999999,6008.9845000000005
,5949.17,5989.68,5993.88,5942.28,-0.006,0.013380188123230718,0.013291463960568342,5909.5,6003.8885
,5985.38,5985.75,6008.19,5965.91,0.0002,0.006086563335725881,0.006068115029117565,5923.1539999999995,6000.595
,5983.99,6003.6,6009.92,5960.08,-0.0029,-0.00023223253995574566,-0.00023225951010769823,5936.5560000000005,5995.585
,6001.35,6008.86,6017.31,5986.69,0.001,0.0029010743667687855,0.00289687437156622,5958.102,5993.907
,5995.54,5976.76,6012.45,5976.76,0.0038,-0.0009681155073442138,-0.0009685844338364292,5983.086,5991.0415
,5973.1,5947.21,5983.84,5947.21,0.0074,-0.003742782134720124,-0.0037498038697994216,5987.872,5985.183
,5929.04,5864.89,5936.14,5864.89,0.0253,-0.0073764042122181905,-0.0074037444129893696,5976.604,5977.8795
,5782.76,5722.43,5783.44,5722.1,0.0123,-0.024671784976994515,-0.024981233838896586,5936.358,5962.693
,5712.69,5725.15,5741.43,5696.51,-0.0028000000000000004,-0.012117051373392695,-0.01219106130274797,5878.626,5945.833500000001
,5728.8,5723.22,5772.52,5723.22,0.0040999999999999995,0.002820037495470773,0.0028160686495116044,5825.278,5929.915999999999
,5705.45,5775.34,5775.34,5702.86,-0.018600000000000002,-0.004075897221058611,-0.004084226330236259,5771.7480000000005,5913.5695000000005
,5813.67,5832.65,5850.94,5811.28,-0.0033,0.0189678290055999,0.01879018259951974,5748.674000000001,5904.316000000001
,5832.92,5819.68,5847.19,5802.17,0.0016,0.003311161452232314,0.0033056916281389358,5758.706,5894.8805
,5823.52,5833.93,5842.92,5823.08,0.0027,-0.0016115427607441557,-0.0016128426925638693,5780.872,5886.688
,5808.12,5826.75,5862.82,5799.98,-0.0003,-0.002644448718301051,-0.002647951449370793,5796.736,5878.627
,5809.86,5817.8,5817.8,5784.92,0.0021,0.0002995805871779389,0.00029953572187412436,5817.618,5871.6845
,5797.42,5834.5,5834.85,5762.41,-0.0092,-0.002141187567342384,-0.00214348318692844,5814.3679999999995,5865.7
,5851.2,5832.7,5863.04,5821.17,-0.0005,0.009276540254113064,0.009233777411953085,5818.023999999999,5862.411
,5853.98,5857.82,5866.92,5824.79,-0.0018,0.00047511621547702276,0.00047500338350536976,5824.116,5860.429
,5864.67,5859.43,5872.17,5846.11,0.004,0.0018261080495662885,0.0018244427413089382,5835.426,5860.1314999999995
,5841.47,5875.62,5878.46,5840.25,-0.0002,-0.003955891806359024,-0.0039637370431244165,5841.748,5854.746499999999
,5842.47,5816.58,5846.52,5808.34,0.004699999999999999,0.00017118978613250846,0.00017117513483314842,5850.758,5847.601
,5815.26,5866.74,5870.36,5804.48,-0.0076,-0.004657276802448318,-0.00466815570657606,5843.570000000001,5839.164500000001
,5859.85,5829.81,5871.41,5829.57,0.0077,0.007667756901668987,0.007638509068754018,5844.744000000001,5832.0895
,5815.03,5775.09,5822.13,5775.09,0.0060999999999999995,-0.007648659948633618,-0.0076780609629941605,5834.816000000001,5823.064
,5780.05,5778.36,5795.03,5764.76,-0.0021,-0.006015446179985284,-0.006033611862785189,5822.532,5813.4115
,5792.04,5751.8,5796.8,5745.02,0.0070999999999999995,0.0020743765192341446,0.0020722279710146283,5812.446000000001,5806.561500000001
,5751.13,5719.14,5757.6,5714.56,0.0097,-0.007063141829131037,-0.007088203896394388,5799.62,5804.98
,5695.94,5737.8,5739.34,5686.85,-0.0096,-0.009596374973266264,-0.009642716894192658,5766.838000000001,5804.1425
,5751.07,5737.48,5753.21,5702.83,0.009000000000000001,0.009678823864015529,0.009632284107421302,5754.046,5805.256
,5699.94,5698.19,5718.78,5677.37,-0.0017000000000000001,-0.008890519503327199,-0.008930275984437828,5738.023999999999,5804.9805
,5709.54,5698.14,5719.63,5674.0,0.0001,0.0016842282550342258,0.001682811533125682,5721.524,5799.773999999999
,5708.75,5757.73,5757.73,5681.28,-0.009300000000000001,-0.0001383649120594299,-0.00013837448536695794,5713.048,5793.5655
,5762.48,5726.52,5765.14,5703.53,0.0042,0.009411867746879743,0.009367852083837102,5726.356,5790.5135
,5738.17,5755.36,5763.78,5727.34,-0.0013,-0.0042186697394176464,-0.004227593432856147,5723.776,5787.016
,5745.37,5762.22,5767.37,5721.01,0.004,0.001254755435966537,0.0012539688882457609,5732.861999999999,5783.7915
,5722.26,5733.65,5741.03,5712.06,-0.0019,-0.004022369316510455,-0.00403048080287232,5735.406,5780.0335
,5732.93,5727.66,5735.32,5698.99,0.0025,0.0018646478838779679,0.001862911586066849,5740.242,5774.12
,5718.57,5711.9,5725.36,5704.22,0.0028000000000000004,-0.0025048273744839866,-0.0025079697029957225,5731.460000000001,5767.3495
,5702.55,5709.64,5715.14,5674.49,-0.0019,-0.00280139965061188,-0.00280533091435692,5724.336,5759.2435000000005
,5713.64,5702.63,5733.57,5686.42,0.017,0.0019447440180271336,0.001942855451501875,5717.99,5752.852000000001
,5618.26,5641.68,5689.75,5615.08,-0.0029,-0.016693386352657824,-0.01683429124758689,5697.1900000000005,5741.6415
,5634.58,5655.51,5670.81,5614.05,0.0003,0.002904813945954654,0.002900603126385081,5677.5199999999995,5732.6075
,5633.09,5615.21,5636.05,5604.53,0.0013,-0.0002644385207060118,-0.0002644734907367131,5660.424,5721.2695
,5626.02,5603.34,5636.27,5601.65,0.0054,-0.0012550837994776964,-0.0012558720767879706,5645.118,5711.819
,5595.76,5557.48,5600.71,5535.5,0.0075,-0.005378580239672082,-0.005393096878371331,5621.542,5702.6044999999995
,5554.13,5496.42,5560.41,5406.96,0.010700000000000001,-0.007439561382189375,-0.007467372942030409,5608.716,5690.709
,5495.52,5490.51,5497.91,5441.72,0.0045000000000000005,-0.01055250777349459,-0.010608580303038828,5580.904,5677.9285
,5471.05,5442.07,5484.2,5434.49,0.0116,-0.004452717850176202,-0.004462660724490126,5548.496000000001,5666.684
,5408.42,5507.33,5522.47,5402.62,-0.0173,-0.011447528353789482,-0.011513555690021375,5504.976000000001,5649.5515
,5503.41,5520.08,5546.3,5480.54,-0.003,0.017563354916962703,0.01741090167086747,5486.505999999999,5639.725
,5520.07,5506.68,5552.99,5503.66,-0.0016,0.0030272140363882816,0.0030226412501879645,5479.694,5630.2515
,5528.93,5623.89,5623.89,5504.33,-0.0212,0.0016050521098465165,0.0016037653903594067,5486.375999999999,5621.2605
,5648.4,5612.74,5651.37,5581.79,0.0101,0.021608159264088878,0.021378012454581333,5521.846,5615.556500000001
,5591.96,5607.3,5646.95,5583.71,0.0,-0.009992210183414674,-0.010042467382856598,5558.554,5608.246000000001
,5592.18,5624.51,5627.03,5560.95,-0.006,3.934219844214937e-05,3.93414245581577e-05,5576.308,5600.586499999999
,5625.8,5602.89,5631.18,5593.48,0.0016,0.006011966710656624,0.005993966945423359,5597.454,5595.7635
,5616.84,5639.66,5651.62,5602.34,-0.0032,-0.001592662376906362,-0.0015939320118754036,5615.036,5589.959000000001
,5634.61,5602.49,5641.82,5585.16,0.0115,0.0031637005860944978,0.0031587066155746614,5612.278,5585.761
,5570.64,5637.77,5643.22,5560.95,-0.0089,-0.011353048391991472,-0.01141798620850249,5608.014,5579.1655
,5620.85,5603.09,5632.68,5591.57,0.0042,0.009013327014490313,0.008972949425464515,5613.7480000000005,5574.526
,5597.12,5602.88,5620.51,5585.5,-0.002,-0.004221781403168645,-0.004230718284184631,5608.012000000001,5573.469
,5608.25,5557.23,5608.3,5550.74,0.0097,0.001988522668801007,0.001986548174716375,5606.294,5572.1525
,5554.25,5530.5,5561.98,5525.17,0.002,-0.009628672045646991,-0.009675327436177735,5590.222,5568.2105
,5543.22,5501.13,5546.23,5501.13,0.0161,-0.0019858666786694013,-0.0019878411263283815,5584.738,5564.0705
,5455.21,5442.36,5463.22,5415.91,0.0038,-0.015877053409390274,-0.016004444012785883,5551.61,5557.043000000001
,5434.43,5376.98,5436.5,5376.98,0.0168,-0.0038092025788191153,-0.003816476067632444,5519.072,5551.058
,5344.39,5351.88,5371.2,5324.37,0.0,-0.01656843496006022,-0.01670722665493316,5466.3,5543.5015
,5344.16,5314.66,5358.67,5300.84,0.004699999999999999,-4.303578144571052e-05,-4.303670751152225e-05,5424.282,5537.157
,5319.31,5252.57,5328.03,5233.85,0.023,-0.004649935630669622,-0.0046607802121506215,5379.5,5532.7015
,5199.5,5293.13,5330.64,5195.54,-0.0077,-0.022523597985453114,-0.02278112857560761,5328.358,5517.505999999999
,5240.03,5206.42,5312.34,5193.56,0.0104,0.007794980286566,0.007764756389251225,5289.478,5503.504
,5186.33,5151.14,5250.89,5119.26,-0.03,-0.010248032931109097,-0.010300905557719543,5257.866,5486.374
,5346.56,5376.63,5383.89,5302.03,-0.0184,0.030894678896252303,0.030427045496882094,5258.3460000000005,5471.282
,5446.68,5537.84,5566.16,5410.42,-0.0137,0.01872605937275562,0.018552885294602965,5283.82,5464.018
,5522.3,5505.59,5551.51,5493.75,0.0158,0.013883686943238827,0.013788191433053194,5348.38,5460.523999999999
,5436.44,5478.73,5489.46,5401.7,-0.005,-0.015547869547109072,-0.015670005291917963,5387.662,5451.056
,5463.54,5476.55,5487.74,5444.44,0.0008,0.004984879811052778,0.004972496433735877,5443.104,5443.3910000000005
,5459.1,5433.67,5488.32,5430.7,0.0111,-0.0008126599237856524,-0.0008129903108685376,5465.611999999999,5434.6155
,5399.22,5428.7,5491.59,5390.95,-0.0051,-0.010968841017750197,-0.01102944231248886,5456.12,5426.0445
,5427.13,5505.84,5508.04,5419.98,-0.0231,0.005169265190157146,0.005155950404248558,5437.086,5416.3585
,5555.74,5565.3,5585.34,5550.9,-0.0016,0.023697608128052883,0.023421178443889492,5460.946,5414.289500000001
,5564.41,5544.54,5570.36,5529.04,0.0108,0.001560548189800004,0.0015593317997993677,5481.12,5412.0975
,5505.0,5543.37,5557.5,5497.04,-0.0070999999999999995,-0.010676783342708385,-0.010734189165975044,5490.3,5409.635
,5544.59,5608.56,5614.05,5522.81,-0.0078000000000000005,0.0071916439600363535,0.007165907407029377,5519.374,5409.7035000000005
,5588.27,5610.07,5622.49,5584.81,-0.0139,0.007877949496716719,0.007847080469682764,5551.602,5416.3565
,5667.2,5644.09,5669.67,5639.02,0.0064,0.014124228070583555,0.014025410555022039,5573.894,5427.995
,5631.22,5638.16,5666.94,5614.75,0.0028000000000000004,-0.006348814229248934,-0.006369053660041461,5587.256,5442.336499999999
,5615.35,5590.76,5655.56,5590.44,0.0055000000000000005,-0.0028182170115889082,-0.002822195662042897,5609.326,5455.896
,5584.54,5635.21,5642.45,5576.53,-0.0088,-0.005486746151174948,-0.0055018536287759915,5617.316000000001,5469.157499999999
,5633.91,5591.26,5635.39,5586.44,0.0102,0.008840477460990481,0.008801629230176598,5626.444,5490.878
,5576.98,5584.24,5590.75,5574.57,0.0007000000000000001,-0.010104882754605637,-0.010156283642139526,5608.4,5507.7255000000005
,5572.85,5572.75,5583.11,5562.51,0.001,-0.0007405441654800837,-0.0007408185037586997,5596.726,5527.0515
,5567.19,5537.91,5570.33,5531.63,0.0054,-0.0010156383179165118,-0.0010161544279966303,5587.094,5538.0830000000005
,5537.02,5507.44,5539.27,5507.42,0.0051,-0.0054192510045460995,-0.0054339884131972,5577.59,5542.6
,5509.01,5461.84,5509.69,5458.43,0.0062,-0.005058677772520226,-0.005071516198197249,5552.61,5541.9355000000005
,5475.09,5471.08,5479.55,5446.53,0.0027,-0.00615718613689209,-0.006176219776783498,5532.232,5543.868
,5460.48,5488.48,5523.64,5451.12,-0.0040999999999999995,-0.002668449285765262,-0.0026720159429360784,5509.758,5543.715
,5482.87,5473.59,5490.81,5467.54,0.0009,0.004100372128457597,0.004091988512145747,5492.894,5544.9035
,5477.9,5460.71,5483.14,5451.87,0.0016,-0.0009064595731798075,-0.0009068706560975172,5481.07,5548.8375
,5469.3,5460.73,5472.88,5446.56,0.0039000000000000003,-0.0015699446868324696,-0.001571178341340952,5473.128,5550.946
,5447.87,5459.58,5490.66,5447.59,-0.0031,-0.00391823450898654,-0.003925930900576488,5467.683999999999,5545.5525
,5464.62,5466.77,5478.31,5452.03,-0.0016,0.00307459612655947,0.003069879221800333,5468.512000000001,5540.563
,5473.17,5499.99,5505.53,5455.56,-0.0025,0.001564610165025293,0.0015633874377692194,5466.572,5538.971500000001
,5487.03,5476.15,5490.38,5471.32,0.0025,0.0025323532797263404,0.002529152276068868,5468.397999999999,5536.0935
,5473.23,5431.11,5488.5,5420.4,0.0077,-0.002515021787743099,-0.002518189767846914,5469.183999999999,5530.3415
,5431.6,5424.08,5432.39,5403.75,-0.0004,-0.007606111930249404,-0.007635185920104136,5465.929999999999,5518.561500000001
,5433.74,5441.93,5441.93,5402.51,0.0023,0.00039399072096601984,0.000393913127002115,5459.753999999999,5508.6875
,5421.03,5409.13,5447.25,5409.13,0.0085,-0.002339088730782146,-0.0023418286723054906,5449.326,5498.9715
,5375.32,5353.0,5375.95,5327.25,0.0027,-0.008431976949029973,-0.008467727171882855,5426.9839999999995,5488.510499999999
,5360.79,5341.22,5365.79,5331.52,0.0026,-0.0027030948855137904,-0.002706754843457397,5404.496000000001,5474.8544999999995
,5346.99,5343.81,5375.08,5331.33,-0.0011,-0.002574247452334477,-0.002577566524606569,5387.574,5463.355
,5352.96,5357.8,5362.35,5335.36,-0.0002,0.0011165160211632497,0.0011158931807149423,5371.418,5452.360500000001
,5354.03,5314.48,5354.16,5297.64,0.0118,0.00019988940698234536,0.0001998694317566798,5358.017999999999,5441.7025
,5291.34,5278.24,5298.8,5257.63,0.0015,-0.01170893700632969,-0.011778026448058893,5341.222,5429.4185
,5283.4,5297.15,5302.11,5234.32,0.0011,-0.001500565074253446,-0.0015016920495654334,5325.744,5418.138
,5277.51,5243.21,5280.33,5191.68,0.008,-0.0011148124313887786,-0.001115434296985996,5311.848,5408.259
,5235.48,5259.77,5260.21,5222.1,-0.006,-0.007963983014717346,-0.007995864911522196,5288.352000000001,5397.009
,5266.95,5278.73,5282.27,5262.7,-0.0074,0.0060109101744252325,0.0059929167225421685,5270.936,5386.213
,5306.04,5315.91,5315.91,5280.89,0.0002,0.007421752627232214,0.007394346936505692,5273.875999999999,5377.62
,5304.72,5281.45,5311.65,5278.39,0.006999999999999999,-0.0002487730963203205,-0.0002488040454800322,5278.14,5369.391
,5267.84,5340.26,5341.88,5256.93,-0.0074,-0.006952299084588831,-0.00697657891507198,5276.206,5360.3895
,5307.01,5319.28,5323.18,5286.01,-0.0027,0.007435685214433274,0.007408176785645001,5290.512000000001,5352.509
,5321.41,5298.69,5324.32,5297.87,0.0025,0.0027133922868054494,0.0027097176835469846,5301.404,5344.921
,5308.13,5305.35,5325.32,5302.4,0.0009,-0.0024955791792025117,-0.002498698327390512,5301.822,5335.976
,5303.27,5303.1,5305.45,5283.59,0.0012,-0.0009155766720105873,-0.0009159960683442933,5301.532,5327.478
,5297.1,5310.07,5325.49,5296.19,-0.0021,-0.0011634331271084264,-0.0011641104408194904,5307.384,5320.753
,5308.15,5263.26,5311.76,5263.26,0.011699999999999999,0.002086047082365594,0.0020838743073000325,5307.612,5314.4735
,5246.68,5221.1,5250.37,5217.98,0.0048,-0.011580305756242582,-0.011647879688045867,5292.666,5305.756
,5221.42,5233.08,5237.26,5211.16,-0.0002,-0.004814473152546017,-0.004826100061719912,5275.3240000000005,5298.061
,5222.68,5225.49,5239.66,5209.68,0.0016,0.00024131366563118206,0.00024128455417180637,5259.206,5291.1555
,5214.08,5189.03,5215.3,5180.41,0.0051,-0.001646664164758338,-0.0016480214063461112,5242.602000000001,5284.51
,5187.67,5168.98,5191.95,5165.86,0.0,-0.005065131336688289,-0.005078002595891366,5218.505999999999,5276.245499999999
,5187.7,5187.2,5200.23,5178.96,0.0013,5.78294301667448e-06,5.7829262955239775e-06,5206.71,5267.929
,5180.74,5142.42,5181.0,5142.42,0.0103,-0.001341635021300358,-0.0013425358193504989,5198.574,5262.398999999999
,5127.79,5122.78,5139.12,5101.22,0.0126,-0.010220547643772893,-0.01027313606937674,5179.5960000000005,5254.6185000000005
,5064.2,5049.32,5073.21,5011.05,0.0091,-0.01240105386531043,-0.012478588608999126,5149.62,5243.9529999999995
,5018.39,5029.03,5096.12,5013.45,-0.0034000000000000002,-0.009045851269697036,-0.009087013401337423,5115.764,5233.0985
,5035.69,5103.78,5110.83,5035.31,-0.015700000000000002,0.0034473207542655704,0.003441392364873821,5085.362,5221.5355
,5116.17,5114.13,5123.49,5088.65,0.0032,0.015981921047562686,0.015855554753445786,5072.447999999999,5212.042
,5099.96,5084.65,5114.62,5073.14,0.0102,-0.0031683857260411674,-0.0031734156874776488,5066.882,5201.804
,5048.42,5019.88,5057.75,4990.58,-0.0046,-0.01010596161538524,-0.010157373516560278,5063.726000000001,5190.8330000000005
,5071.63,5084.86,5089.48,5047.02,0.0002,0.004597478022827062,0.004586941901457529,5074.374,5179.064
,5070.55,5028.85,5076.12,5027.96,0.012,-0.00021294928849302508,-0.00021297196541217292,5081.346,5166.521
,5010.6,4987.33,5038.84,4969.4,0.0087,-0.011823175000739483,-0.011893624576650816,5060.232000000001,5151.6445
,4967.23,5005.44,5019.02,4953.56,-0.0088,-0.008655650021953565,-0.008693327734887646,5033.686,5134.842500000001
,5011.12,5031.52,5056.66,5001.89,-0.0022,0.008835910557795756,0.008797102336546032,5026.226000000001,5120.5435
,5022.21,5068.97,5077.96,5007.25,-0.0058,0.0022130781142739586,0.002210632863926148,5016.342,5106.2465
,5051.41,5064.59,5079.84,5039.83,-0.0021,0.005814173441572423,0.005797336366096542,5012.514,5096.483
,5061.82,5149.67,5168.43,5052.47,-0.012,0.00206081074393083,0.0020586901863484676,5022.758,5088.503
,5123.41,5171.51,5175.03,5107.94,-0.0146,0.012167560284640722,0.012094130563305812,5053.994,5083.539500000001
,5199.06,5172.95,5211.78,5138.77,0.0074,0.01476555653363687,0.014657607029448594,5091.582,5082.788500000001
,5160.64,5167.88,5178.43,5138.7,-0.0095,-0.007389797386450625,-0.007417237205871924,5119.268,5081.437
,5209.91,5217.03,5224.81,5160.78,0.0014000000000000002,0.009547265455447373,0.009501978333887398,5150.968,5082.5475
,5202.39,5211.37,5219.57,5197.35,-0.0004,-0.0014434030530277031,-0.0014444457627021145,5179.082,5083.63
,5204.34,5158.95,5222.18,5157.21,0.0111,0.0003748277234116859,0.00037475749304954334,5195.268,5087.4574999999995
,5147.21,5244.05,5256.59,5146.06,-0.0123,-0.010977376574166975,-0.011038072569656528,5184.897999999999,5091.608
,5211.49,5194.37,5228.75,5194.37,0.0011,0.012488318914518626,0.012410983057457399,5195.068,5101.263
,5205.81,5204.29,5208.34,5184.05,-0.0072,-0.0010898994337510404,-0.0010904938060488205,5194.2480000000005,5109.768999999999
,5243.77,5257.97,5263.95,5229.2,-0.002,0.007291852756823536,0.007265395734467307,5202.524,5116.148999999999
,5254.35,5248.03,5264.85,5245.82,0.0011,0.002017632352296239,0.0020155996658251666,5212.526,5123.8685000000005
,5248.49,5226.31,5249.26,5213.92,0.0086,-0.0011152663983177158,-0.0011158887706710049,5232.782,5133.872
,5203.58,5228.85,5235.16,5203.42,-0.0028000000000000004,-0.008556746797650394,-0.008593565940708021,5231.2,5140.4695
,5218.19,5219.52,5229.09,5216.09,-0.0031,0.0028076824032685632,0.002803748225257606,5233.6759999999995,5147.8515
,5234.18,5242.48,5246.09,5229.87,-0.0014000000000000002,0.003064280909664152,0.003059595569942045,5231.758,5159.0305
,5241.53,5253.43,5261.1,5240.66,0.0032,0.001404231417337476,0.0014032464064151209,5229.194,5172.7455
,5224.62,5181.69,5226.19,5171.55,0.0089,-0.0032261572479791445,-0.003231372513137958,5224.42,5183.4205
,5178.51,5139.09,5180.31,5131.59,0.005600000000000001,-0.008825522238937844,-0.008864697827340926,5219.406,5191.2355
,5149.42,5154.77,5175.6,5145.47,0.0063,-0.0056174459448760095,-0.005633283131890025,5205.652,5196.136
,5117.09,5123.31,5136.86,5104.35,-0.006500000000000001,-0.006278376982262079,-0.006298168875158764,5182.234,5198.8995
,5150.48,5175.14,5176.85,5123.3,-0.0029,0.006525193029631948,0.006503996116926466,5164.023999999999,5200.253
,5165.31,5173.49,5179.14,5151.88,-0.0019,0.0028793432845095612,0.0028752059156686187,5152.162,5198.5655
,5175.27,5134.3,5179.87,5114.48,0.011200000000000002,0.0019282482561551184,0.0019263915718687981,5151.514000000001,5199.2970000000005
,5117.94,5111.96,5124.66,5091.14,-0.0011,-0.011077682903500863,-0.011139497364012419,5145.218,5194.6985
,5123.69,5164.46,5189.26,5117.5,-0.006500000000000001,0.0011234989077637536,0.0011228682551800084,5146.538,5190.7635
,5157.36,5132.38,5165.62,5128.21,0.0103,0.0065714358206683254,0.00654993806564546,5147.914,5188.414500000001
,5104.76,5108.03,5127.97,5092.22,0.0051,-0.010199016551103557,-0.010251382881397361,5135.803999999999,5186.2919999999995
,5078.65,5110.52,5114.54,5056.82,-0.0102,-0.005114833998072554,-0.005127959537251607,5116.48,5179.65
,5130.95,5130.99,5149.67,5127.18,-0.0012,0.010298012267039525,0.010245348981574387,5119.082,5175.907
,5137.08,5098.51,5140.33,5094.16,0.008,0.0011947105311882478,0.0011939974324694377,5121.76,5170.5725
,5096.27,5085.36,5104.99,5061.89,0.0052,-0.00794420176442634,-0.007975925057791728,5109.5419999999995,5162.6685
,5069.76,5067.2,5077.37,5058.35,-0.0017000000000000001,-0.005201843701373776,-0.005215420393340085,5102.5419999999995,5153.732
,5078.18,5074.6,5080.69,5057.29,0.0017000000000000001,0.0016608281259862245,0.001659450476103047,5102.448,5147.462
,5069.53,5093.0,5097.66,5068.91,-0.0038,-0.0017033661666188138,-0.0017048185442892526,5090.164,5140.029
,5088.8,5100.92,5111.06,5081.46,0.0003,0.003801141328683366,0.0037939352461026092,5080.508,5132.76
,5087.03,5038.83,5094.39,5038.83,0.021099999999999997,-0.00034782266939170636,-0.00034788317372663735,5078.660000000001,5125.035
,4981.8,4963.03,4983.21,4946.0,0.0013,-0.0206859405193206,-0.020902891694827907,5061.068,5112.894
,4975.51,4989.32,4993.71,4955.02,-0.006,-0.0012625958488899913,-0.001263393594586444,5040.534,5102.744000000001
,5005.57,5031.13,5038.7,4999.52,-0.0048,0.00604159171622598,0.006023414477222323,5027.742,5095.5515
,5029.73,5003.14,5032.72,4999.44,0.0058,0.004826623141819919,0.004815012341991528,5015.928,5091.1835
,5000.62,4976.44,5002.52,4956.45,0.0096,-0.005787587007652473,-0.005804399991794619,4998.646000000001,5083.6905
,4953.17,4967.94,4971.3,4920.31,-0.0137,-0.00948882338590007,-0.009534129096895381,4992.92,5073.0835
,5021.84,5026.83,5048.39,5016.83,-0.0009,0.01386384880793523,0.013768624761212185,5002.186,5065.411999999999
,5026.61,5004.17,5030.06,5000.34,0.005699999999999999,0.0009498510506107394,0.0009494002275554828,5006.394,5060.845499999999
,4997.91,4995.16,5000.4,4987.09,0.0006,-0.005709613437286709,-0.0057259755908602335,5000.030000000001,5054.5565
,4995.06,4973.05,4999.89,4969.05,0.008199999999999999,-0.000570238359634212,-0.0005704010073625328,4998.918,5046.441499999999
,4954.23,4950.16,4957.77,4934.88,0.0023,-0.008174075987075424,-0.008207666921331172,4999.13,5038.915
,4942.81,4957.19,4957.19,4918.09,-0.0032,-0.0023051008935797146,-0.002307761728426123,4983.324,5032.1230000000005
,4958.61,4916.06,4975.29,4907.99,0.010700000000000001,0.003196562279351056,0.00319146413561502,4969.724,5023.506
,4906.19,4861.11,4906.97,4853.52,0.0125,-0.010571510967791409,-0.010627786351803253,4951.379999999999,5011.9615
,4845.65,4899.19,4906.75,4845.15,-0.0161,-0.012339513960935022,-0.012416277903485779,4921.498,4999.4305
,4924.97,4925.89,4931.09,4916.27,-0.0006,0.016369320937335674,0.016236787963987337,4915.646000000001,4992.191000000001
,4927.93,4892.95,4929.31,4887.4,0.0076,0.0006010188894551849,0.0006008383499372624,4912.67,4984.6785
,4890.97,4888.91,4906.69,4881.47,-0.0007000000000000001,-0.0075001065356041785,-0.007528373761456457,4899.142,4975.7505
,4894.16,4886.66,4898.15,4869.34,0.0053,0.000652222360799426,0.0006520097562340742,4896.736,4966.0185
,4868.55,4888.56,4903.68,4865.94,0.0008,-0.005232767216437506,-0.005246506091991573,4901.316000000001,4955.0945
,4864.6,4856.8,4866.48,4844.37,0.0029,-0.000811329862073884,-0.0008116591682757819,4889.242,4949.2345000000005
,4850.43,4853.42,4868.41,4844.05,0.0022,-0.0029128808123998207,-0.0029171315062299277,4873.742,4942.9805
,4839.81,4796.28,4842.07,4785.87,0.0123,-0.0021894966013322748,-0.0021918970535105423,4863.51,4934.692499999999
,4780.94,4760.1,4785.79,4740.57,0.0088,-0.012163700641141029,-0.012238283870230236,4840.866,4922.253
,4739.21,4739.13,4744.23,4714.82,-0.005600000000000001,-0.008728409057632946,-0.008766724739532194,4814.998,4909.182500000001
,4765.98,4772.35,4782.34,4747.12,-0.0037,0.005648620761687928,0.005632727126755487,4795.273999999999,4899.823
,4783.83,4791.18,4802.4,4768.98,0.0008,0.003745294776730246,0.0037382986232448417,4781.954,4887.9225
,4780.24,4792.13,4798.5,4739.58,-0.0007000000000000001,-0.0007504447273419812,-0.0007507264519410234,4770.039999999999,4875.604
,4783.45,4759.94,4790.8,4756.2,0.005699999999999999,0.0006715144009505902,0.0006712890360401263,4770.5419999999995,4864.880999999999
,4756.5,4741.93,4765.47,4730.35,-0.0015,-0.005634008926611478,-0.005649939819610977,4774.0,4852.9529999999995
,4763.54,4703.7,4764.54,4699.82,0.0141,0.0014800798906760004,0.0014789856520086408,4773.512000000001,4843.4185
,4697.24,4690.57,4721.49,4682.11,0.0018,-0.013918220483086108,-0.014015987132364955,4756.1939999999995,4831.14
,4688.68,4697.42,4726.78,4687.53,-0.0034000000000000002,-0.0018223467397875392,-0.0018240092336747804,4737.882,4817.6435
,4704.81,4725.07,4729.29,4699.71,-0.008,0.003440200653488823,0.0034342966998693538,4722.154,4807.5745
,4742.83,4745.2,4754.33,4722.67,-0.005699999999999999,0.008081091478720603,0.008048614308974618,4719.42,4802.4335
,4769.83,4782.88,4788.43,4751.99,-0.0028000000000000004,0.005692803663635448,0.005676660892965518,4720.678,4794.6765
,4783.35,4786.44,4793.3,4780.98,0.0004,0.0028344825706576593,0.0028304729998547135,4737.9,4787.4475
,4781.58,4773.45,4785.39,4768.9,0.0014000000000000002,-0.0003700335538900923,-0.00037010203319921034,4756.4800000000005,4781.978
,4774.75,4758.86,4784.72,4758.45,0.0042,-0.0014283981445463168,-0.0014294192776816072,4770.468,4776.0075
,4754.63,4753.92,4772.94,4736.77,0.0017000000000000001,-0.004213833184983473,-0.004222736399949871,4772.828,4770.3115
,4746.75,4724.29,4748.71,4708.35,0.0103,-0.0016573319059527414,-0.0016587067997895918,4768.212,4764.419
,4698.35,4764.73,4778.01,4697.82,-0.0147,-0.010196450202770269,-0.010248790092494133,4751.2119999999995,4756.8150000000005
,4768.37,4743.72,4768.69,4743.72,0.0059,0.014903104281290158,0.014793144174519976,4748.57,4753.243
,4740.56,4725.58,4749.52,4725.58,0.0045000000000000005,-0.005832181646977741,-0.005849255234901288,4741.732,4751.224
,4719.19,4714.23,4725.53,4704.69,-0.0001,-0.0045079062389254965,-0.004518097487249456,4734.644,4750.223
,4719.55,4721.04,4738.57,4694.34,0.0026,7.628427759853729e-05,7.628136810099792e-05,4729.204,4747.9015
,4707.09,4646.2,4709.69,4643.23,0.0137,-0.002640082211227801,-0.002643573374260871,4730.952,4744.0644999999995
,4643.7,4618.3,4643.93,4608.09,0.0046,-0.01346691905189834,-0.013558420429298185,4706.017999999999,4737.2375
,4622.44,4593.39,4623.71,4593.39,0.0039000000000000003,-0.004578245795378688,-0.004588758060085725,4682.394,4729.187
,4604.37,4576.2,4609.23,4574.06,0.0040999999999999995,-0.003909190816971053,-0.003916851675081148,4659.429999999999,4721.580499999999
,4585.59,4568.84,4590.92,4565.22,0.008,-0.004078733898448594,-0.004087074621006521,4632.638,4712.683
,4549.34,4586.23,4590.74,4546.5,-0.0039000000000000003,-0.007905198676724234,-0.007936610413312825,4601.088,4705.288
,4567.18,4557.25,4578.56,4551.68,-0.0006,0.003921447946295453,0.00391377911138434,4585.784,4699.213000000001
,4569.78,4564.37,4572.37,4546.72,-0.0054,0.0005692790737390485,0.0005691170958779723,4575.2519999999995,4692.4615
,4594.63,4559.43,4599.39,4554.71,0.0059,0.005437898542161923,0.005423166555119698,4573.304,4685.0515
,4567.8,4554.87,4569.89,4537.24,0.0038,-0.0058394255903087,-0.005856541700615259,4569.746,4674.95
,4550.58,4571.84,4587.64,4547.15,-0.0009,-0.003769867332194976,-0.0037769911916855797,4569.994000000001,4663.3115
,4554.89,4545.55,4568.14,4540.51,0.001,0.0009471320139411432,0.0009466837674253161,4567.536,4651.977
,4550.43,4554.86,4560.52,4546.32,-0.002,-0.000979167444219331,-0.0009796471418229893,4563.666,4640.761
,4559.34,4555.84,4560.31,4552.8,0.0006,0.0019580567111239233,0.0019561422168002133,4556.608,4630.9965
,4556.62,4553.04,4568.43,4545.05,0.0040999999999999995,-0.0005965775748244528,-0.0005967555980324681,4554.372,4621.49
,4538.19,4538.77,4542.14,4525.51,-0.002,-0.004044664685666222,-0.004052866464977701,4551.894,4613.482
,4547.38,4511.7,4557.11,4510.36,0.0074,0.0020250364131957355,0.002022988790832261,4550.392,4602.432500000001
,4514.02,4509.55,4520.12,4499.66,0.0013,-0.007336092431246,-0.007363133890926871,4543.11,4591.1055
,4508.24,4497.08,4511.99,4487.83,0.0012,-0.0012804551153962063,-0.0012812755985168042,4532.89,4580.558
,4502.88,4505.3,4521.17,4495.31,0.0016,-0.0011889340407785776,-0.0011896413835667686,4522.142,4569.7245
,4495.7,4458.97,4508.67,4458.97,0.0191,-0.0015945350531215707,-0.0015958076771483817,4513.643999999999,4559.155000000001
,4411.55,4406.66,4421.76,4393.82,-0.0008,-0.01871788597993629,-0.01889528275729797,4486.478,4547.547500000001
,4415.24,4364.15,4418.03,4353.34,0.015600000000000001,0.0008364407067809054,0.0008360910851978249,4466.722,4537.1875
,4347.35,4391.41,4393.4,4343.94,-0.008100000000000001,-0.015376287585725623,-0.01549572865098585,4434.544,4524.3365
,4382.78,4384.37,4391.2,4359.76,0.001,0.008149792402267986,0.008116762182438127,4410.524,4514.196
,4378.38,4366.21,4386.26,4355.41,0.0028000000000000004,-0.0010039290130920975,-0.0010044332873557216,4387.06,4505.648
,4365.98,4364.27,4372.21,4347.53,0.0018,-0.002832097716507165,-0.002836115693240022,4377.945999999999,4495.588
,4358.34,4334.23,4373.62,4334.23,0.009399999999999999,-0.001749893494702115,-0.0017514263468031382,4366.566000000001,4485.016
,4317.78,4268.26,4319.72,4268.26,0.0189,-0.009306295516182894,-0.009349869637437105,4360.652,4471.1735
,4237.86,4201.27,4245.64,4197.74,0.0105,-0.018509511832469516,-0.018682956430735878,4331.668,4454.6765
,4193.8,4171.33,4195.55,4153.12,0.006500000000000001,-0.0103967568536949,-0.010451180679737198,4294.752,4436.8375
,4166.82,4139.39,4177.47,4132.94,0.012,-0.006433306309313824,-0.006454089207465887,4254.92,4417.433999999999
,4117.37,4152.93,4156.7,4103.78,-0.0048,-0.011867563273671444,-0.0119385449479703,4206.726000000001,4395.781000000001
,4137.23,4175.99,4183.6,4127.9,-0.0118,0.004823467407592652,0.004811871761208724,4170.616,4374.675499999999
,4186.77,4232.42,4232.42,4181.42,-0.0143,0.01197419529491972,0.011903071819740844,4160.398,4356.183
,4247.68,4235.79,4259.38,4219.43,0.0073,0.014548207806972968,0.014443397939347024,4171.174,4341.657499999999
,4217.04,4210.4,4255.84,4189.22,-0.0017000000000000001,-0.007213349404851632,-0.0072394913997592784,4181.218,4325.1404999999995
,4224.16,4273.85,4276.56,4223.03,-0.0126,0.001688388063665558,0.0016869643388468484,4202.576,4310.6475
,4278.0,4321.36,4339.54,4269.69,-0.0085,0.01274572932843454,0.01266518618575793,4230.7300000000005,4299.135499999999
,4314.6,4357.35,4364.2,4303.84,-0.0134,0.00855539971949515,0.008519009694152486,4256.296,4289.7215
,4373.2,4345.23,4393.57,4337.54,-0.0001,0.013581792054883302,0.013490386223826242,4281.4,4283.5965
,4373.63,4342.37,4383.33,4342.37,0.0106,9.832616848082232e-05,9.832133477996851e-05,4312.718,4281.7005
,4327.78,4360.49,4377.1,4311.97,-0.005,-0.010483282765117341,-0.010538619453747546,4333.442,4277.3275
,4349.61,4380.94,4385.85,4325.43,-0.0062,0.005044156588366322,0.005031477449688672,4347.764,4277.4405
,4376.95,4366.59,4378.64,4345.34,0.0043,0.00628562100969976,0.006265948885271623,4360.2339999999995,4277.148999999999
,4358.24,4339.75,4385.46,4339.64,0.0052,-0.004274666148802231,-0.004283828654568866,4357.242,4276.142
,4335.66,4289.02,4341.73,4283.79,0.0063,-0.005180990491574611,-0.005194458360886499,4349.647999999999,4274.625999999999
,4308.5,4234.79,4324.1,4219.55,0.0118,-0.006264328844973965,-0.006284032081045464,4345.7919999999995,4272.134
,4258.19,4259.31,4267.13,4225.91,-0.0013,-0.011676917720784608,-0.01174562833371325,4327.508,4269.1545
,4263.75,4233.83,4268.5,4220.48,0.008100000000000001,0.0013057190966114796,0.0013048673867471262,4304.8679999999995,4270.449
,4229.45,4269.75,4281.15,4216.45,-0.0137,-0.008044561712107878,-0.008077093787000134,4279.11,4272.2315
,4288.39,4284.52,4300.58,4260.21,0.0001,0.013935618106373227,0.013839410161483715,4269.656,4278.31
,4288.05,4328.18,4333.15,4274.86,-0.0027,-7.928383379318671e-05,-7.928697692247117e-05,4265.566000000001,4286.843999999999
,4299.7,4269.65,4317.27,4264.38,0.0059,0.002716852648639634,0.002713168675515343,4273.868,4294.967500000001
,4274.51,4282.63,4292.07,4238.63,0.0002,-0.005858548270809449,-0.005875776887473137,4276.02,4299.3544999999995
,4273.53,4312.88,4313.01,4265.98,-0.0147,-0.0002292660445292194,-0.00022929233000646145,4284.836,4300.647
,4337.44,4310.62,4338.51,4302.7,0.004,0.014954849971803075,0.01484412871796126,4294.646,4306.6669999999995
,4320.06,4341.74,4357.4,4316.49,-0.0023,-0.004006971854365493,-0.004015021275818525,4301.048000000001,4311.462
,4330.0,4374.36,4375.7,4329.17,-0.016399999999999998,0.0023008939690651875,0.0022982509659403134,4307.108,4314.062
,4402.2,4452.81,4461.03,4401.38,-0.009399999999999999,0.01667436489607388,0.016536873951468023,4332.646,4318.442
,4443.95,4445.41,4449.85,4416.61,-0.0022,0.009483894416428162,0.009439204623110153,4366.7300000000005,4321.9794999999995
,4453.53,4445.13,4466.36,4442.11,0.0007000000000000001,0.002155739826055658,0.0021534195529618904,4389.948,4325.974499999999
,4450.32,4497.98,4497.98,4447.21,-0.012199999999999999,-0.0007207765525324428,-0.0007210364368382961,4416.0,4332.1015
,4505.1,4487.78,4511.99,4478.69,0.0084,0.012309227201639628,0.01223408466710766,4451.0199999999995,4339.876
,4467.44,4462.65,4479.39,4453.52,0.0012,-0.008359414885352301,-0.008394550741111744,4464.067999999999,4344.4005
,4461.9,4473.27,4487.11,4456.83,-0.005699999999999999,-0.001240083806385739,-0.001240853346571172,4467.658,4349.5835
,4487.46,4480.98,4490.77,4467.89,0.0067,0.005728501311100809,0.005712155841120656,4474.4439999999995,4357.1735
,4457.49,4451.3,4473.53,4448.38,0.0014000000000000002,-0.006678611062828521,-0.006701012782986693,4475.878,4364.6230000000005
,4451.14,4434.55,4457.81,4430.46,-0.0032,-0.0014245685352068937,-0.001425584197664428,4465.086,4374.2705000000005
,4465.48,4490.35,4490.35,4442.38,-0.006999999999999999,0.003221646589412819,0.0032164682050081226,4464.6939999999995,4384.357
,4496.83,4510.06,4514.29,4496.01,-0.0042,0.007020521869989471,0.006995992744252955,4471.68,4397.726000000001
,4515.77,4530.6,4541.25,4501.35,0.0018,0.004211855907383821,0.004203010869610322,4477.342,4409.094999999999
,4507.66,4517.01,4532.26,4507.39,-0.0016,-0.00179592849060084,-0.0017975431036151195,4487.375999999999,4420.075500000001
,4514.87,4500.34,4521.65,4493.59,0.0038,0.0015994995185972805,0.0015982216816605257,4500.122,4430.834
,4497.63,4432.75,4500.14,4431.68,0.014499999999999999,-0.003818493112758503,-0.0038258021699069684,4506.552000000001,4441.99
,4433.31,4426.03,4439.56,4414.98,0.0063,-0.014300865122297668,-0.0144041079841508,4493.848,4449.979
,4405.71,4389.38,4418.46,4356.29,0.0067,-0.006225596676072809,-0.0062450565111568795,4471.836,4453.3925
,4376.31,4455.16,4458.3,4375.55,-0.013500000000000002,-0.006673158242371802,-0.006695523315478068,4445.566,4456.205
,4436.01,4396.44,4443.18,4396.44,0.011000000000000001,0.013641629592053617,0.01354942020749942,4429.794,4461.5055
,4387.55,4415.33,4418.59,4382.77,-0.0028000000000000004,-0.010924231460253675,-0.010984339030271484,4407.778,4460.773
,4399.77,4380.28,4407.55,4360.3,0.0069,0.0027851534455447524,0.0027812820922299385,4401.070000000001,4458.564
,4369.71,4344.88,4381.82,4335.31,-0.0001,-0.006832175318255418,-0.00685562148126705,4393.87,4454.3730000000005
,4370.36,4416.32,4421.17,4364.83,-0.0077,0.00014875129013125488,0.0001487402277551119,4392.68,4450.375
,4404.33,4433.79,4449.95,4403.55,-0.0076,0.007772815054137405,0.00774276235612495,4386.344,4445.336499999999
,4437.86,4478.87,4478.87,4432.19,-0.0116,0.007612962698072101,0.007584130338210443,4396.406,4443.8575
,4489.72,4458.13,4490.33,4453.44,0.0058,0.011685812531265105,0.01161806073636569,4414.396,4445.2485
,4464.05,4450.69,4476.23,4443.98,-0.0011,-0.005717505768733977,-0.005733913274737485,4433.264,4444.078
,4468.83,4487.16,4527.37,4457.92,0.0003,0.0010707765370010502,0.0010702036647139534,4452.9580000000005,4444.6449999999995
,4467.71,4501.57,4502.44,4461.33,-0.006999999999999999,-0.000250624883918138,-0.00025065629558283033,4465.634,4445.4735
,4499.38,4498.03,4503.31,4464.39,-0.0042,0.0070886427274823305,0.007063636404007066,4477.938,4447.168500000001
,4518.44,4491.58,4519.84,4491.15,0.009000000000000001,0.004236139201400979,0.004227192022498004,4483.682,4448.249000000001
,4478.03,4513.96,4540.34,4474.55,-0.0053,-0.008943352130381221,-0.008983583955258698,4486.478,4446.362
,4501.89,4494.27,4519.49,4485.54,-0.0025,0.00532823585371256,0.00531409102745667,4493.089999999999,4446.0735
,4513.39,4550.93,4550.93,4505.75,-0.0138,0.0025544826728329806,0.0025512255276714858,4502.226000000001,4445.9995
,4576.73,4578.83,4584.62,4567.53,-0.0027,0.014033797212294807,0.013936235197657012,4517.696,4449.9545
,4588.96,4584.82,4594.22,4573.14,0.0015,0.0026722135673287184,0.002668649552448098,4531.8,4457.736999999999
,4582.23,4565.75,4590.16,4564.01,0.009899999999999999,-0.0014665632300130405,-0.0014676396864565385,4552.64,4466.563
,4537.41,4598.26,4607.07,4528.56,-0.0064,-0.009781263707845267,-0.00982941450876763,4559.744,4474.6179999999995
,4566.75,4558.96,4582.47,4547.58,-0.0002,0.006466243958557882,0.006445427491141235,4570.415999999999,4481.155000000001
,4567.46,4555.19,4580.62,4552.42,0.0028000000000000004,0.0001554716154814617,0.0001554595310223622,4568.562,4490.1505
,4554.64,4543.39,4563.41,4541.29,0.004,-0.0028068116633751528,-0.0028107581456501777,4561.697999999999,4497.893999999999
,4536.34,4550.16,4555.0,4535.79,0.0003,-0.0040178806667486855,-0.004025974035341762,4552.5199999999995,4506.2255
,4534.87,4554.38,4564.74,4527.56,-0.0068000000000000005,-0.0003240497846281887,-0.0003241023001050399,4552.012000000001,4514.451
,4565.72,4563.87,4578.43,4557.48,0.0024,0.006802841095775669,0.006779806181851545,4551.806,4522.5205000000005
,4554.98,4521.78,4562.3,4514.59,0.0070999999999999995,-0.0023523124501723114,-0.002355083483514329,4549.31,4528.3765
,4522.79,4508.86,4532.85,4504.9,0.0039000000000000003,-0.007066990414886454,-0.0070920798661322955,4542.9400000000005,4530.03
,4505.42,4514.61,4527.76,4499.56,-0.001,-0.003840549749159261,-0.003847943597379646,4536.756,4532.098499999999
,4510.04,4491.5,4517.38,4489.36,0.0085,0.0010254315912834322,0.0010249061954502126,4531.789999999999,4534.159000000001
,4472.16,4467.69,4488.34,4463.23,0.0074,-0.00839903858945823,-0.008434509266769523,4513.0779999999995,4534.3815
,4439.26,4415.55,4443.64,4408.46,0.0067,-0.007356624092161201,-0.007383817501052937,4489.934,4531.3755
,4409.53,4394.23,4412.6,4389.92,0.0024,-0.006697062122966502,-0.006719588071620252,4467.282,4525.93
,4398.95,4404.54,4440.39,4397.4,-0.0029,-0.002399348683419733,-0.002402231733022817,4445.987999999999,4521.976
,4411.59,4422.62,4422.62,4385.05,-0.0079,0.002873412973550593,0.002869292613602367,4426.298000000001,4517.461
,4446.82,4442.04,4454.06,4436.61,-0.002,0.00798578290366958,0.007954065287478272,4421.2300000000005,4514.1325
,4455.59,4450.48,4456.46,4442.29,0.0012,0.0019721958613121426,0.0019702536362673365,4424.496,4508.0755
,4450.38,4422.44,4458.48,4422.44,0.0123,-0.001169317643679113,-0.0011700018289603072,4432.666,4501.1465
,4396.44,4374.94,4398.39,4371.97,0.0045000000000000005,-0.012120313321559162,-0.012194363266362609,4432.164,4491.857
,4376.86,4367.48,4390.35,4360.22,-0.0004,-0.004453603369999337,-0.00446355020531423,4425.218,4483.829500000001
,4378.41,4337.36,4384.42,4335.0,0.0115,0.00035413515625370984,0.0003540724651995632,4411.536,4474.412499999999
,4328.82,4344.84,4362.06,4328.08,-0.0045000000000000005,-0.011326029312010544,-0.011390657230512174,4386.182,4462.4805
,4348.33,4354.17,4366.55,4341.34,-0.0077,0.004507001908141239,0.004496875789266,4365.771999999999,4452.165
,4381.89,4355.4,4382.25,4351.82,0.0037,0.007717905494753152,0.007688274822306998,4362.861999999999,4444.4425
,4365.69,4380.01,4386.22,4360.14,-0.0052,-0.0036970348411303755,-0.0037038857650540436,4360.628,4435.9835
,4388.71,4396.11,4400.15,4367.19,-0.004699999999999999,0.005272935091589215,0.0052590818461864825,4362.688,4427.133
,4409.59,4440.95,4448.47,4407.44,-0.0037,0.004757662274335717,0.004746380368690651,4378.842,4419.8634999999995
,4425.84,4365.33,4439.2,4362.6,0.012199999999999999,0.0036851498665408933,0.003678376337650496,4394.344,4415.0160000000005
,4372.59,4366.29,4391.82,4337.85,0.0008,-0.012031614337617236,-0.01210458006365267,4392.484,4408.3745
,4369.01,4352.61,4375.37,4349.31,0.0069,-0.0008187367212567631,-0.000819072069219752,4393.147999999999,4401.322999999999
,4338.93,4308.32,4340.13,4304.37,0.009300000000000001,-0.00688485492136659,-0.0069086648833658745,4383.192,4394.6615
,4298.86,4304.88,4322.62,4291.7,0.0011,-0.009234995724752504,-0.009277902665684444,4361.046,4387.6415
,4293.93,4268.69,4298.01,4261.07,0.0062,-0.0011468156674093732,-0.0011474737636884105,4334.664,4381.8615
,4267.52,4285.47,4299.19,4263.96,-0.0038,-0.006150542742895171,-0.0061695352470970185,4313.65,4375.29
,4283.85,4271.34,4288.33,4263.09,0.0024,0.0038265784343132214,0.0038192757067675174,4296.618,4368.903
,4273.79,4282.99,4299.28,4266.82,-0.002,-0.002348354867700908,-0.0023511165774901697,4283.590000000001,4360.2515
,4282.37,4241.01,4290.67,4241.01,0.014499999999999999,0.0020075857728152346,0.0020055732655681,4280.292,4351.5905
,4221.02,4183.03,4232.43,4171.64,0.009899999999999999,-0.014326179195165212,-0.014429789652143624,4265.710000000001,4340.1224999999995
,4179.83,4190.74,4195.44,4166.15,-0.0060999999999999995,-0.009758304864701084,-0.00980622914966539,4248.1720000000005,4329.2919999999995
,4205.52,4226.71,4231.1,4192.18,0.0,0.006146182978733705,0.006127372232971808,4232.505999999999,4320.725
,4205.45,4156.16,4212.87,4156.16,0.013000000000000001,-1.6644790656217268e-05,-1.6644929182282422e-05,4218.838,4312.077
,4151.28,4155.71,4165.74,4129.73,0.0088,-0.012880904540536697,-0.012964582735313548,4192.62,4303.2
,4115.24,4132.96,4132.96,4103.98,-0.0073,-0.00868165963269163,-0.008719564785563197,4171.464,4291.5455
,4145.58,4176.8,4185.68,4142.54,-0.011200000000000002,0.007372595522982861,0.007345550785867055,4164.614,4279.7300000000005
,4192.63,4190.78,4209.22,4179.68,0.0002,0.011349437231943371,0.011285515564489933,4162.036,4271.076999999999
,4191.98,4204.15,4212.91,4180.2,-0.0014000000000000002,-0.000155033952435768,-0.00015504597144122393,4159.342,4261.2405
,4198.05,4157.68,4202.2,4153.5,0.009399999999999999,0.0014480030916179665,0.001446955746059132,4168.696,4250.663500000001
,4158.77,4122.85,4164.67,4113.62,0.011899999999999999,-0.009356725146198785,-0.009400774284705779,4177.402,4237.3099999999995
,4109.9,4127.95,4135.54,4109.86,-0.0064,-0.011751070629056337,-0.011820660164447928,4170.2660000000005,4224.175499999999
,4136.28,4126.65,4141.25,4110.27,0.003,0.006418647655660692,0.006398135861993092,4158.996,4212.539
,4124.08,4138.54,4143.74,4099.12,-0.0016,-0.002949510187898241,-0.002953868565234511,4145.416,4201.7964999999995
,4130.62,4132.24,4132.8,4109.29,-0.0017000000000000001,0.0015858082287443231,0.0015845521626198066,4131.93,4193.3845
,4137.64,4143.74,4154.28,4098.92,0.0045000000000000005,0.0016995027380879435,0.001698060217456808,4127.704,4185.570000000001
,4119.17,4124.25,4130.35,4116.65,-0.0046,-0.0044638972941097865,-0.004473890233026768,4129.558,4178.1525
,4138.12,4136.98,4142.3,4123.81,0.0005,0.004600441351048756,0.004589891663840938,4129.926,4170.866
,4136.25,4084.73,4147.02,4084.73,0.018500000000000003,-0.0004518960300812225,-0.0004519981658632193,4132.360000000001,4163.989
,4061.22,4082.55,4082.61,4048.28,-0.0072,-0.018139619220308267,-0.018306159168068385,4118.48,4152.931500000001
,4090.75,4122.25,4148.3,4088.86,-0.006999999999999999,0.007271214068678811,0.007244906241251323,4109.102,4146.418
,4119.58,4164.1,4164.1,4089.72,-0.0116,0.007047607406954759,0.007022889090581264,4109.183999999999,4143.4055
,4167.87,4166.79,4186.92,4164.12,-0.0004,0.011722068754581816,0.01165389752800411,4115.134,4141.522999999999
,4169.48,4129.63,4170.06,4127.18,0.0083,0.0003862884398984079,0.00038621384972727064,4121.78,4139.7245
,4135.35,4075.29,4138.24,4075.29,0.0196,-0.008185673033567542,-0.008219359612570446,4136.606000000001,4138.928
,4055.99,4087.78,4089.67,4049.35,-0.0038,-0.01919063682638722,-0.01937716738000203,4129.654,4135.9655
,4071.63,4126.43,4126.43,4071.38,-0.0158,0.00385602528605844,0.0038486098771117368,4120.064,4132.267999999999
,4137.04,4132.07,4142.41,4117.77,0.0009,0.01606481924929315,0.01593714559496781,4113.898,4129.4885
,4133.52,4132.14,4138.02,4113.86,0.0009,-0.0008508498830079869,-0.0008512120612237957,4106.706,4126.565500000001
,4129.79,4130.48,4148.57,4114.57,-0.006,-0.000902378602256837,-0.0009027859909253924,4105.594,4123.1525
,4154.52,4139.33,4162.57,4134.49,-0.0001,0.005988197947111251,0.005970339945819687,4125.3,4122.9400000000005
,4154.87,4164.26,4169.48,4140.36,0.0009,8.424559275188592e-05,8.424204429123024e-05,4141.948,4125.1885
,4151.32,4137.17,4151.72,4123.18,0.0033,-0.0008544190311610134,-0.0008547842551524569,4144.804,4125.9405
,4137.64,4140.11,4163.19,4113.2,-0.0021,-0.0032953373866624336,-0.003300778968763003,4145.628,4126.6185000000005
,4146.22,4100.04,4150.26,4099.4,0.013300000000000001,0.0020736458464245544,0.002071498810492116,4148.914,4127.3985
,4091.95,4121.72,4134.37,4086.94,-0.0040999999999999995,-0.01308903049042276,-0.013175446748329983,4136.4,4125.114
,4108.94,4110.29,4124.26,4102.61,0.0,0.004152054643873804,0.004143458650798268,4127.214,4124.6025
,4109.11,4085.2,4109.5,4072.55,0.001,4.137320087416185e-05,4.137234502689258e-05,4118.772,4123.152
,4105.02,4081.15,4107.32,4069.84,0.0036,-0.0009953493578899186,-0.000995845047011908,4112.248,4121.5905
,4090.38,4094.5,4099.69,4072.56,-0.0025,-0.0035663650847012063,-0.003572739725370132,4101.08,4123.0485
,4100.6,4128.03,4133.13,4086.87,-0.0058,0.0024985453674231106,0.0024954291924702615,4102.8099999999995,4123.541
,4124.51,4102.2,4127.66,4098.79,0.0037,0.005830854021362741,0.005813920385208241,4105.924,4123.7875
,4109.31,4056.18,4110.75,4056.18,0.0144,-0.003685286252185116,-0.0036920936495170157,4105.964000000001,4120.8595000000005
,4050.83,4046.74,4057.85,4032.1,0.005699999999999999,-0.014231099624998023,-0.01433333280942693,4095.126000000001,4114.927
,4027.81,3999.53,4030.59,3999.53,0.014199999999999999,-0.005682785996943829,-0.005698994460609222,4082.612,4109.55
,3971.27,3974.13,3979.2,3951.53,-0.0016,-0.014037404942139786,-0.014136861145886572,4056.746,4105.314
,3977.53,3982.93,4003.83,3970.49,0.0016,0.0015763219322786348,0.0015750808409300374,4027.35,4100.6089999999995
,3970.99,3939.21,3972.74,3909.16,0.005600000000000001,-0.0016442364985306268,-0.0016455897389304433,3999.686,4092.3065
,3948.72,3959.21,4007.66,3919.05,0.003,-0.005608173276689166,-0.0056239581242103895,3979.264,4083.0665
,3936.97,4002.04,4039.49,3936.17,-0.0165,-0.0029756478048582613,-0.002980083847039287,3961.096,4073.4255000000003
,4002.87,3975.89,4009.08,3971.19,0.013000000000000001,0.01673876102688121,0.016600211922496052,3967.4159999999997,4065.843
,3951.57,3917.47,3956.62,3916.89,0.0089,-0.012815804660156305,-0.012898635541984777,3962.2239999999997,4055.678
,3916.64,3958.69,3958.91,3901.27,-0.011000000000000001,-0.008839524543409416,-0.008878824909597209,3951.3540000000003,4043.9439999999995
,3960.28,3878.93,3964.46,3864.11,0.0176,0.01114220352138573,0.011080586449227237,3953.666,4035.0759999999996
,3891.93,3876.74,3894.26,3838.24,-0.006999999999999999,-0.017258880685204203,-0.017409551286964493,3944.6580000000004,4022.3615
,3919.29,3894.01,3937.29,3873.63,0.0165,0.007029931165257297,0.007005336398235122,3927.942,4013.7284999999997
,3855.76,3835.12,3905.05,3808.86,-0.0015,-0.01620956856981748,-0.01634238080137167,3908.78,4001.0695
,3861.59,3912.77,3934.05,3846.32,-0.014499999999999999,0.001512023569931742,0.001510881613259072,3897.7700000000004,3988.6935
,3918.32,3998.66,4017.81,3908.7,-0.018500000000000003,0.01469083978361252,0.014583974750190274,3889.3779999999997,3979.3585000000007
,3992.01,3987.55,4000.41,3969.76,0.0014000000000000002,0.01880652932889615,0.018631872945282596,3909.3940000000002,3974.44
,3986.37,4048.26,4050.0,3980.31,-0.015300000000000001,-0.0014128221121690876,-0.0014138210863554803,3922.8100000000004,3968.7284999999997
,4048.42,4055.15,4078.49,4044.61,0.0007000000000000001,0.015565539576105625,0.015445639173959748,3961.3419999999996,3964.924
,4045.64,3998.02,4048.29,3995.17,0.0161,-0.0006866876460446258,-0.0006869235239954056,3998.1520000000005,3961.7405
,3981.35,3938.68,3990.84,3928.16,0.0076,-0.015891181617741612,-0.016018800257414194,4010.7580000000003,3958.2665
,3951.39,3963.34,3971.73,3939.05,-0.004699999999999999,-0.00752508571213284,-0.007553542016924914,4002.6339999999996,3954.4455000000003
,3970.15,3977.19,3997.5,3968.98,-0.003,0.004747696380261068,0.004736461615270255,3999.3900000000003,3954.3894999999998
,3982.24,3992.36,4018.05,3973.55,0.0031,0.0030452249914989515,0.0030405976856194604,3986.154,3954.625
,3970.04,3973.24,3978.25,3943.08,-0.0105,-0.0030636023946321034,-0.003068304831168174,3971.0339999999997,3954.5774999999994
,4012.32,4018.6,4028.3,3969.19,0.0053,0.010649766752979906,0.010593457421727225,3977.228,3957.7574999999997
,3991.05,4001.83,4017.37,3976.9,-0.0016,-0.005301172389041708,-0.005315273460274894,3985.16,3960.4615
,3997.34,4052.35,4052.35,3995.19,-0.02,0.0015760263589781331,0.0015747857327713857,3990.5979999999995,3960.185
,4079.09,4077.39,4081.51,4047.95,-0.0028000000000000004,0.020451099981487753,0.020244784414124,4009.968,3966.561
,4090.41,4114.75,4136.54,4089.49,-0.0138,0.002775128766465018,0.002771285205904725,4034.042,3975.2495000000004
,4147.6,4119.5,4148.11,4103.98,0.0028000000000000004,0.013981483518767268,0.013884644172642364,4061.0980000000004,3984.6155
,4136.13,4126.7,4159.77,4095.01,-0.0003,-0.002765454720802474,-0.002769285655189339,4090.114,3996.8255
,4137.29,4096.62,4138.9,4092.67,0.011399999999999999,0.0002804554015467531,0.0002804160812821733,4118.104,4007.7255000000005
,4090.46,4068.92,4094.36,4060.79,0.0022,-0.011319003502292535,-0.011383550959928863,4120.378,4019.4604999999997
,4081.5,4144.25,4156.23,4069.67,-0.0088,-0.00219046268634826,-0.0021928652588765704,4118.596,4030.4559999999997
,4117.86,4153.47,4156.85,4111.67,-0.0111,0.008908489525909502,0.008869043032445907,4112.647999999999,4040.4329999999995
,4164.0,4105.35,4176.54,4088.39,0.0129,0.011204849120659777,0.011142539811002846,4118.222,4049.0325
,4111.08,4119.57,4124.63,4093.38,-0.0060999999999999995,-0.012708933717579307,-0.012790383040919198,4112.9800000000005,4055.268
,4136.48,4136.69,4182.36,4123.36,-0.0104,0.006178425134027998,0.006159416919169122,4122.183999999999,4059.6710000000007
,4179.76,4158.68,4195.44,4141.88,0.0147,0.010463002359494267,0.01040864398937308,4141.836,4066.3770000000004
,4119.21,4070.07,4148.95,4037.2,0.0105,-0.014486477692499111,-0.014592431217642067,4142.106,4073.2699999999995
,4076.6,4020.85,4077.16,4020.44,0.0146,-0.010344216488113012,-0.010398089735210407,4124.626,4079.5305
,4017.77,4049.27,4063.85,4015.55,-0.013000000000000001,-0.014431143600058816,-0.014536285322318182,4105.964,4081.9115000000006
,4070.56,4053.72,4094.21,4048.7,0.0025,0.013139129417562456,0.013053559781991105,4092.7799999999997,4086.3275000000003
,4060.43,4036.08,4061.57,4013.29,0.011000000000000001,-0.002488601077001662,-0.0024917027916841594,4068.9139999999998,4090.847
,4016.22,3982.71,4019.55,3949.06,-0.0002,-0.010888009398019483,-0.010947717569976981,4048.3160000000003,4091.042
,4016.95,4001.74,4023.92,3989.79,-0.0007000000000000001,0.00018176295123284447,0.00018174643434903207,4036.386,4092.3369999999995
,4019.81,3978.14,4039.31,3971.64,0.011899999999999999,0.0007119829721555782,0.0007117296325211304,4036.7940000000003,4093.4605
,3972.61,3909.04,3972.96,3897.86,0.0189,-0.01174184849532689,-0.01181132841570921,4017.204,4088.1365000000005
,3898.85,3911.84,3922.94,3885.54,-0.0076,-0.01856713848074698,-0.018741671559172467,3984.888,4078.5585
,3928.86,4002.25,4014.16,3926.59,-0.015600000000000001,0.007697141464791057,0.007667669607520938,3967.416,4067.6214999999997
,3990.97,3999.28,4015.39,3984.57,-0.002,0.015808656964106493,0.015685001660276365,3962.22,4060.3635000000004
,3999.09,3960.6,4003.95,3947.67,0.004,0.0020345930939096313,0.0020325261125498976,3958.076,4053.4534999999996
,3983.17,3977.57,3997.76,3937.56,0.0034000000000000002,-0.003980905656036815,-0.003988850553225141,3960.1879999999996,4048.089
,3969.61,3932.35,3970.07,3928.54,0.0128,-0.003404323691933775,-0.0034101315868826786,3974.34,4042.4945
,3919.25,3888.57,3919.83,3877.29,0.006999999999999999,-0.012686384808583195,-0.012767544131228919,3972.418,4032.564
,3892.09,3910.82,3950.57,3890.42,-0.0008,-0.0069298973017796195,-0.006954020552451794,3952.642,4018.9685000000004
,3895.08,3823.37,3906.19,3809.56,0.022799999999999997,0.0007682247841134249,0.0007679298504945062,3931.84,4008.1685000000007
,3808.1,3839.74,3839.74,3802.42,-0.0116,-0.022330735183872963,-0.02258384117602644,3896.826,3991.7495000000004
,3852.97,3840.36,3873.16,3815.77,0.0075,0.011782778813581585,0.011713902384519227,3873.4980000000005,3975.41
,3824.14,3853.29,3878.46,3794.33,-0.004,-0.007482539443598002,-0.007510674075384643,3854.476,3960.6565
,3839.5,3829.06,3839.85,3800.34,-0.0025,0.004016589350808397,0.004008544390807221,3843.958,3948.8015
,3849.28,3805.45,3858.19,3805.45,0.0175,0.0025472066675349403,0.0025439680351096337,3834.7980000000002,3940.3769999999995
,3783.22,3829.56,3848.32,3780.78,-0.012,-0.017161651010059176,-0.017310618960093793,3829.822,3926.0099999999998
,3829.25,3843.34,3846.65,3813.22,-0.004,0.012166884294331437,0.012093462699049394,3825.078,3914.451
,3844.82,3815.11,3845.8,3797.01,0.0059,0.004066070379317166,0.004057826255056209,3829.214,3905.8810000000003
,3822.39,3853.26,3853.26,3764.49,-0.014499999999999999,-0.005833823169875352,-0.0058509063889846434,3825.792,3896.1530000000007
,3878.44,3839.49,3889.82,3839.49,0.0149,0.014663600522186515,0.01455712950237488,3831.624,3889.0844999999995
,3821.62,3810.47,3838.24,3795.62,0.001,-0.014650220191623431,-0.014758594440961793,3839.304,3881.535
,3817.66,3853.79,3854.86,3800.04,-0.009000000000000001,-0.0010362097749122556,-0.0010367470114196126,3836.986,3877.4755000000005
,3852.36,3890.91,3890.91,3827.91,-0.0111,0.009089337447546475,0.009048278034291625,3838.494,3873.6505000000006
,3895.75,3958.37,3958.37,3879.45,-0.024900000000000002,0.011263225659076559,0.011200267830704073,3853.166,3868.8895
,3995.32,4015.54,4053.76,3965.65,-0.0060999999999999995,0.02555862157479316,0.025237460791963998,3876.542,3868.701
,4019.65,4069.38,4100.96,3993.03,0.0073,0.00608962486108755,0.006071158028413184,3916.148,3870.525
,3990.56,3939.29,3990.71,3935.3,0.0143,-0.00723694849054024,-0.007263262233261663,3950.728,3871.5725000000007
,3934.38,3954.17,3977.02,3933.04,-0.0073,-0.014078224610079793,-0.01417826283105391,3967.132,3872.329
,3963.51,3947.79,3974.19,3935.83,0.0075,0.007403961996553576,0.007376687214823589,3980.684,3875.9
,3933.92,3933.28,3957.57,3922.68,-0.0019,-0.007465604981443219,-0.007493612090724007,3968.404,3877.8419999999996
,3941.26,3996.63,4001.51,3918.39,-0.0144,0.0018658234026112108,0.0018640849162627892,3952.726,3884.5
,3998.84,4052.02,4052.45,3984.49,-0.0179,0.01460954111121815,0.014503849921748645,3954.382,3891.7934999999998
,4071.7,4040.17,4080.48,4026.63,-0.0012,0.018220283882325772,0.01805628360207546,3981.846,3904.1715000000004
,4076.57,4087.14,4100.51,4050.87,-0.0009,0.0011960606135030805,0.0011953459028422422,4004.458,3916.025
,4080.11,3957.18,4080.11,3938.58,0.030899999999999997,0.0008683770915254296,0.0008680002702717371,4033.696,3927.5665
,3957.63,3964.19,3976.77,3937.65,-0.0016,-0.030018798512785216,-0.03047858758258928,4036.9700000000003,3936.2870000000003
,3963.94,4005.36,4012.27,3955.77,-0.0154,0.0015943885608304953,0.0015931188727939347,4029.9900000000002,3943.0215000000003
